Error Code,Description,Explanation,Suggestion
C 4 A 1,Lost communication with Controller,Communication is being interfered,"a) Check Ethernet cable between Control Board and Motherboard, check that a script or UR+software is not overloading the communication between the Control Board and Motherboard. b) Check cable between controller and robot b) Do a Complete rebooting sequence. c) Update the software"
C 4 A 2,Lost communication with Safety Control Board A u P,,a) Check TCP/IP connection between Motherboard and Control Board. b) Do a Complete rebooting sequence. c) Replace Safety Control Board
C 4 A 3,Communication with Safety Control Board Bu P lost,,a) Check TCP/IP connection between Motherboard and Control Board. b) Do a Complete rebooting sequence. c) Replace Safety Control Board
C 4 A 4,Communication with primary Teach Pendant u P lost,,a) Check RS 485-12 V connection between Motherboard and Teach Pendant. b) Do a Complete rebooting sequence. c) Replace Teach Pendant
C 4 A 5,Communication with secondary Teach Pendant u P lost,,a) Check RS 485-12 V connection between Motherboard and Teach Pendant. b) Do a Complete rebooting sequence. c) Replace Teach Pendant
C 4 A 6,Communication with primary EURO MAP 67 u P lost,,a) Check Euro map 67 connection between Motherboard and Teach Pendant. b) Do a Complete rebooting sequence. c) Replace Teach Pendant
C 4 A 7,Communication with secondary EURO MAP 67 u P lost,,a) Check Euro map 67 connection between Motherboard and Teach Pendant. b) Do a Complete rebooting sequence. c) Replace Teach Pendant
C 4 A 8,"Primary EURO MAP 67 u P present, but euro map 67 is disabled",Incorrect safety configuration,a) Update the miscellaneous settings in the Safety Configuration. b) Do a Complete rebooting sequence
C 4 A 9,"Secondary EURO MAP 67 u P present, but euro map 67 is disabled",Incorrect safety configuration,a) Update the miscellaneous settings in the Safety Configuration. b) Do a Complete rebooting sequence
C 4 A 10,"Primary Teach Pendant present, but Teach Pendant safety is disabled",Incorrect safety configuration,a) Update the miscellaneous settings in the Safety Configuration. b) Do a Complete rebooting sequence
C 4 A 11,"Secondary Teach Pendant u P present, Teach Pendant safety is disabled",Incorrect safety configuration,a) Update the miscellaneous settings in the Safety Configuration. b) Do a Complete rebooting sequence
C 4 A 12,Communication with joint 0 lost,More than 1 package lost,a) Verify that the communication cables are connected properly. b) Do a Complete rebooting sequence
C 4 A 13,Communication with joint 1 lost,More than 1 package lost,a) Verify that the communication cables are connected properly. b) Do a Complete rebooting sequence
C 4 A 14,Communication with joint 2 lost,More than 1 package lost,a) Verify that the communication cables are connected properly. b) Do a Complete rebooting sequence
C 4 A 15,Communication with joint 3 lost,More than 1 package lost,a) Verify that the communication cables are connected properly. b) Do a Complete rebooting sequence
C 4 A 16,Communication with joint 4 lost,More than 1 package lost,a) Verify that the communication cables are connected properly. b) Do a Complete rebooting sequence
C 4 A 17,Communication with joint 5 lost,More than 1 package lost,a) Verify that the communication cables are connected properly. b) Do a Complete rebooting sequence
C 4 A 18,Communication with tool lost,More than 1 package lost,a) Verify that the communication cables are connected properly. b) Do a Complete rebooting sequence
C 4 A 65,Lost package from Primary Teach Pendant,1 package lost,a) Verify that the communication cables are connected properly. b) Do a Complete rebooting sequence
C 4 A 66,Lost package from Secondary Teach Pendant,1 package lost,a) Verify that the communication cables are connected properly. b) Do a Complete rebooting sequence
C 4 A 67,Lost package from Primary Euro map 67,1 package lost,a) Verify that the communication cables are connected properly. b) Do a Complete rebooting sequence
C 4 A 68,Lost package from Secondary Euro map 67,1 package lost,a) Verify that the communication cables are connected properly. b) Do a Complete rebooting sequence
C 4 A 69,Lost package from Secondary Master board,1 package lost,a) Verify that the communication cables are connected properly. b) Do a Complete rebooting sequence
C 4 A 70,Lost package from joint 0,Serial communication problem with one or more joints,a) Verify that the communication cables are connected properly. b) Do a Complete rebooting sequence
C 4 A 71,Lost package from joint 1,Serial communication problem with one or more joints,a) Verify that the communication cables are connected properly. b) Do a Complete rebooting sequence
C 4 A 72,Lost package from joint 2,Serial communication problem with one or more joints,a) Verify that the communication cables are connected properly. b) Do a Complete rebooting sequence
C 4 A 73,Lost package from joint 3,Serial communication problem with one or more joints,a) Verify that the communication cables are connected properly. b) Do a Complete rebooting sequence
C 4 A 74,Lost package from joint 4,Serial communication problem with one or more joints,a) Verify that the communication cables are connected properly. b) Do a Complete rebooting sequence
C 4 A 75,Lost package from joint 5,Serial communication problem with one or more joints,a) Verify that the communication cables are connected properly. b) Do a Complete rebooting sequence
C 4 A 76,Lost package from tool,Serial communication problem with one or more joints,a) Verify that the communication cables are connected properly. b) Do a Complete rebooting sequence
C 4 A 77,Lost package from u PA to joints,1 package lost,a) Verify that the communication cables are connected properly. b) Do a Complete rebooting sequence
C 4 A 78,Lost package from u PA to teach pendant,1 package lost,a) Verify that the communication cables are connected properly. b) Do a Complete rebooting sequence
C 4 A 79,Lost package from u PA tou PB,1 package lost,a) Verify that the communication cables are connected properly. b) Do a Complete rebooting sequence
C 4 A 80,Lost package from u PB,1 package lost,a) Verify that the communication cables are connected properly. b) Do a Complete rebooting sequence
C 4 A 81,Packet counter disagreement in packet from Primary Screen,Safety processor 1 in Teach Pendant has a packet disagreement,a) Verify that the communication cables are connected properly. b) Do a Complete rebooting sequence
C 4 A 82,Packet counter disagreement in packet from Secondary Screen,Safety processor 2 in Teach Pendant has a packet disagreement,a) Verify that the communication cables are connected properly. b) Do a Complete rebooting sequence
C 4 A 83,Packet counter disagreement in packet from Primary Euro map 67,More than 1 package lost,a) Verify that the communication cables are connected properly. b) Do a Complete rebooting sequence
C 4 A 84,Packet counter disagreement in packet from Secondary Euro map 67,More than 1 package lost,a) Verify that the communication cables are connected properly. b) Do a Complete rebooting sequence
C 4 A 85,Packet counter disagreement in packet from Safety Control Board B,More than 1 package lost,a) Verify that the communication cables are connected properly. b) Do a Complete rebooting sequence
C 4 A 86,Packet counter disagreement in packet from joint 0,More than 1 package lost,a) Verify that the communication cables are connected properly. b) Do a Complete rebooting sequence
C 4 A 87,Packet counter disagreement in packet from joint 1,More than 1 package lost,a) Verify that the communication cables are connected properly. b) Do a Complete rebooting sequence
C 4 A 88,Packet counter disagreement in packet from joint 2,More than 1 package lost,a) Verify that the communication cables are connected properly. b) Do a Complete rebooting sequence
C 4 A 89,Packet counter disagreement in packet from joint 3,More than 1 package lost,a) Verify that the communication cables are connected properly. b) Do a Complete rebooting sequence
C 4 A 90,Packet counter disagreement in packet from joint 4,More than 1 package lost,a) Verify that the communication cables are connected properly. b) Do a Complete rebooting sequence
C 4 A 91,Packet counter disagreement in packet from joint 5,More than 1 package lost,a) Verify that the communication cables are connected properly. b) Do a Complete rebooting sequence
C 4 A 92,Packet counter disagreement in packet from tool,More than 1 package lost,a) Verify that the communication cables are connected properly. b) Do a Complete rebooting sequence
C 4 A 93,Packet counter disagreement in packet from processor A to joints,More than 1 package lost,a) Verify that the communication cables are connected properly. b) Do a Complete rebooting sequence
C 4 A 94,Packet counter disagreement in packet from processor A to B,More than 1 package lost,a) Verify that the communication cables are connected properly. b) Do a Complete rebooting sequence
C 4 A 95,Packet counter disagreement in packet from processor A to Teach Pendant and EURO MAP,More than 1 package lost,a) Verify that the communication cables are connected properly. b) Do a Complete rebooting sequence
C 4 A 100,Communication lost due to Packet counter disagreements,More than 1 package lost,a) Verify that the communication cables are connected properly. b) Do a Complete rebooting sequence
C 5 A,Heavy processor load warning,Too much instructions being sent at the same time,Review communication frequency between robot and external equipment
C 10 A,Controller communication issue,,
C 10 A 1,Lost packet from Controller,,
C 10 A 101,Controller packet received too early,,
C 10 A 102,Packet counter does not match,,
C 10 A 103,Controller is sending packets too often,,
C 11 A,Bad CRC,Serial communication problem with joint,Check black 2-wire connectors and wires in joints
C 12 A,Unknown message error,,
C 14 A 1,Debug message,,
C 14 A 2,Debug message,,
C 14 A 3,Debug message,,
C 17 A,Communication error between Safety Control Board and Motherboard,,a) Check Ethernet connection between circuit boards b) Do a Complete rebooting sequence c) Update the software
C 25 A,Motor Encoder index missing,Joint’s encoder system mechanical problem,"a) Do a Complete rebooting sequence. b) If this happens more than two times in a row, replace joint c) Contact your local UR provider"
C 26 A,Motor Encoder index drift detected,Joint’s encoder system mechanical problem,"a) Do a Complete rebooting sequence. b) If this happens more than two times in a row, replace joint c) Contact your local UR provider"
C 27 A,Calibration data is invalid or does not exist.,Calibration needed,"a) Do a Complete rebooting sequence. b) If this happens more than two times in a row, replace joint"
C 29 A,Online Calibration data checksum failed,,"a) Do a Complete rebooting sequence. b) If this happens more than two times in a row, replace joint"
C 30 A,Master received data from too many joints,,
C 31 A,Caught wrong message (not from master),Serial communication problem with joint,Check black 2-wire connectors and wires on joints
C 32 A,Flash write verify failed,,
C 33 A,Calibration flash checksum failed,,
C 34 A,Program flash checksum failed,,Update Firmware
C 34 A 0,Program flash checksum failed during boot loading,,Update Firmware
C 34 A 1,Program flash checksum failed at runtime,,Update Firmware
C 37 A,In buffer parse error,Serial communication problem with joint,Check black 2-wire connectors and wires on joints
C 38 A,Online RAM test failed,,Check the log file for what item is reporting this error. Replace the reported item
C 38 A 1,Data-bus test failed,,Check the log file for what item is reporting this error. Replace the reported item
C 38 A 2,Address-bus stuck- hightest failed,,Check the log file for what item is reporting this error. Replace the reported item
C 38 A 3,Address-bus stuck- low test failed,,Check the log file for what item is reporting this error. Replace the reported item
C 38 A 4,Address-bus shorted test failed,,Check the log file for what item is reporting this error. Replace the reported item
C 38 A 5,Memory-cell test failed,,Check the log file for what item is reporting this error. Replace the reported item
C 39 A,Logic and Temporal Monitoring Fault,,
C 39 A 1,Max current deviation failure,,"a) Do a Complete rebooting sequence. b) If this happens more than two times in a row, replace joint"
C 39 A 2,Max joint-encoder speed exceeded,,"a) Do a Complete rebooting sequence. b) If this happens more than two times in a row, replace joint"
C 39 A 3,Max motor-encoder speed exceeded,,"a) Do a Complete rebooting sequence. b) If this happens more than two times in a row, replace joint"
C 39 A 4,Illegal state change in joint detected,,"a) Do a Complete rebooting sequence. b) If this happens more than two times in a row, replace joint"
C 39 A 5,A timing issue occurred during startup.,Too fast state change in joint detected,"a) Do a Complete rebooting sequence. b) If this happens more than two times in a row, replace joint"
C 39 A 6,5 V regulator voltage too low,,"a) Do a Complete rebooting sequence. b) If this happens more than two times in a row, replace joint"
C 39 A 7,5 V regulator voltage too high,,"a) Do a Complete rebooting sequence. b) If this happens more than two times in a row, replace joint"
C 39 A 100,Watch point fault: ADC task time out,,"a) Do a Complete rebooting sequence. b) If this happens more than two times in a row, replace joint"
C 39 A 101,Watch point fault: Motor-Control task timeout,,"a) Do a Complete rebooting sequence. b) If this happens more than two times in a row, replace joint"
C 39 A 102,Watch point fault: Motor-encoder task timeout,,"a) Do a Complete rebooting sequence. b) If this happens more than two times in a row, replace joint"
C 39 A 103,Watch point fault: Joint-encoder task timeout,,"a) Do a Complete rebooting sequence. b) If this happens more than two times in a row, replace joint"
C 39 A 104,Watch point fault: Communication task timeout,,"a) Do a Complete rebooting sequence. b) If this happens more than two times in a row, replace joint"
C 39 A 105,Watch point fault: RAM-test task timeout,,"a) Do a Complete rebooting sequence. b) If this happens more than two times in a row, replace joint"
C 39 A 106,Watch point fault: Cal Val-test task timeout,,"a) Do a Complete rebooting sequence. b) If this happens more than two times in a row, replace joint"
C 39 A 107,Watch point fault: ROM-test task timeout,,"a) Do a Complete rebooting sequence. b) If this happens more than two times in a row, replace joint"
C 40 A,AD-Converter hit high limit joint,EMC issue external or electronics internal,Check grounding and shielding for EMC problems
C 41 A,RC Oscillator Trim register hit high limit,,
C 42 A,RC Oscillator Trim register hit low limit,,
C 43 A,Change in invariant memory detected,,
C 43 A 1,Current sensor gain,,
C 44 A,CRC check failure on primary bus,Serial communication problem with joint or secondary bus node,"a) Check black 2-wire connectors and wires in joints. b) Do a Complete rebooting sequence. c) If this happens more than two times in a row, contact your local service provider for assistance."
C 44 A 0,Base,Serial communication problem with joint or secondary bus node,"a) Check black 2-wire connectors and wires in joints. b) Do a Complete rebooting sequence. c) If this happens more than two times in a row, contact your local service provider for assistance."
C 44 A 1,Shoulder,Serial communication problem with joint or secondary bus node,"a) Check black 2-wire connectors and wires in joints. b) Do a Complete rebooting sequence. c) If this happens more than two times in a row, contact your local service provider for assistance."
C 44 A 2,Elbow,Serial communication problem with joint or secondary bus node,"a) Check black 2-wire connectors and wires in joints. b) Do a Complete rebooting sequence. c) If this happens more than two times in a row, contact your local service provider for assistance."
C 44 A 3,Wrist 1,Serial communication problem with joint or secondary bus node,"a) Check black 2-wire connectors and wires in joints. b) Do a Complete rebooting sequence. c) If this happens more than two times in a row, contact your local service provider for assistance."
C 44 A 4,Wrist 2,Serial communication problem with joint or secondary bus node,"a) Check black 2-wire connectors and wires in joints. b) Do a Complete rebooting sequence. c) If this happens more than two times in a row, contact your local service provider for assistance."
C 44 A 5,Wrist 3,Serial communication problem with joint or secondary bus node,"a) Check black 2-wire connectors and wires in joints. b) Do a Complete rebooting sequence. c) If this happens more than two times in a row, contact your local service provider for assistance."
C 44 A 6,Tool,Serial communication problem with joint or secondary bus node,"a) Check black 2-wire connectors and wires in joints. b) Do a Complete rebooting sequence. c) If this happens more than two times in a row, contact your local service provider for assistance."
C 44 A 80,CRC Check failure on primary bus.,Interference on the communication field bus.,"a) Check black 2-wire connectors and wires in joints. b) Do a Complete rebooting sequence. c) If this happens more than two times in a row, contact your local service provider for assistance."
C 45 A,AD-Converter error,,
C 46 A,Loose gearbox or bad encoder mounting,Mechanical problem in gear related to encoder mounting,"a) Do a Complete rebooting sequence b) If this happens more than two times in a row, replace joint"
C 47 A,AD-Converter hit low limit,EMC issue external or electronics internal,Check grounding and shielding for EMC problems
C 49 A,RS 485 receive warning,,
C 49 A 200,Secondary RS 485 bus is down,"Bus for: Teach Pendant, Processor A and Processor Bon Control Board",Check TCP/IP-12 V cable to Teach Pendant
C 50 A,Robot power up issue,Electrical error control box,Remove all external connections to I/O-interface of Safety Control Board. Check for short circuit
C 50 A 1,Voltage detected at 24 V rail before startup,Electrical error control box,Remove all external connections to I/O-interface of Safety Control Board. Check for short circuit
C 50 A 2,Voltage present at unpowered robot,Electrical error control box,Remove all external connections to I/O-interface of Safety Control Board. Check for short circuit
C 50 A 5,Power supply voltage too low,Electrical error control box,Check 48 V cable between power supply and Control Board
C 50 A 6,Power supply voltage too high,Electrical error control box,Remove all external connections to I/O-interface of Safety Control Board. Check for short circuit
C 50 A 11,Voltage not detected at 24 V rail after startup,Electrical error control box,Remove all external connections to I/O-interface of Safety Control Board. Check for short circuit
C 50 A 15,"Warning, waiting for Safety S YS 2",Electrical error control box,Remove all external connections to I/O-interface of Safety Control Board. Check for short circuit
C 50 A 16,The Teach Pendant does not respond,Loose wire or incorrect safety configuration,a) Check the Teach Pendant cable and connections. b) Check the settings in the miscellaneous tab in the Safety menu
C 50 A 17,The Euro map 67 interface does not respond,Loose wire or incorrect safety configuration,a) Check the Euro map 67 cable and connections. b) Check the settings in the miscellaneous tab in the Safety menu
C 50 A 18,"Warning, waiting for Safety S YS 1",Safety S YS 1 = Processor A on Safety Control Board,Remove all external connections to I/O-interface of Safety Control Board. Check for short circuit
C 50 A 19,"Warning, Waiting for a valid""euro map 67 activated"" status bit from secondary Safety Control Board",Electrical error control box,Remove all external connections to I/O-interface of Safety Control Board. Check for short circuit
C 50 A 20,"5 V, 3 V 3 or ADC error (5 V too high)",Electrical error control box,Remove all external connections to I/O-interface of Safety Control Board. Check for short circuit
C 50 A 21,"5 V, 3 V 3 or ADC error (5 V too low)",Electrical error control box,Remove all external connections to I/O-interface of Safety Control Board. Check for short circuit
C 50 A 22,Robot current sensor reading too high,Electrical error control box,Remove all external connections to I/O-interface of Safety Control Board. Check for short circuit
C 50 A 23,Robot current sensor reading too low,Electrical error control box,Remove all external connections to I/O-interface of Safety Control Board. Check for short circuit
C 50 A 24,48 V not present (Check internal connection),Electrical error control box,Remove all external connections to I/O-interface of Safety Control Board. Check for short circuit
C 50 A 25,Robot voltage present at 48 V PSU power eup,Electrical error control box,Remove all external connections to I/O-interface of Safety Control Board. Check for short circuit
C 50 A 26,Voltage present on unpowered 48 V power supply,Electrical error control box,Remove all external connections to I/O-interface of Safety Control Board. Check for short circuit
C 50 A 27,"12 V, 3 V 3 or ADC error (12 V too high)",Electrical error control box,Remove all external connections to I/O-interface of Safety Control Board. Check for short circuit
C 50 A 28,"12 V, 3 V 3 or ADC error (12 V too low)",Electrical error control box,Remove all external connections to I/O-interface of Safety Control Board. Check for short circuit
C 50 A 29,Analog I/O error (- 12 V too high),Electrical error control box,Remove all external connections to I/O-interface of Safety Control Board. Check for short circuit
C 50 A 30,Analog I/O error (- 12 V too low),Electrical error control box,Remove all external connections to I/O-interface of Safety Control Board. Check for short circuit
C 50 A 31,The other safety S YS do not initialize,Electrical error control box,Remove all external connections to I/O-interface of Safety Control Board. Check for short circuit
C 50 A 40,Wrong voltage from PSU 1,Electrical error control box,Remove all external connections to I/O-interface of Safety Control Board. Check for short circuit
C 50 A 41,Wrong voltage from PSU 2,Electrical error control box,Remove all external connections to I/O-interface of Safety Control Board. Check for short circuit
C 50 A 42,Voltage will not disappear from PSU,Electrical error control box,Remove all external connections to I/O-interface of Safety Control Board. Check for short circuit
C 50 A 43,"Warning, waiting for CB 2 type answer from primary processor",Electrical error control box,Remove all external connections to I/O-interface of Safety Control Board. Check for short circuit
C 50 A 50,Processor A 3.3 V supply voltage out of bounds,Electrical error control box,Remove all external connections to I/O-interface of Safety Control Board. Check for short circuit
C 50 A 51,Robot voltage below threshold,Electrical error control box,Remove all external connections to I/O-interface of Safety Control Board. Check for short circuit
C 50 A 52,Robot voltage above threshold,Electrical error control box,Remove all external connections to I/O-interface of Safety Control Board. Check for short circuit
C 50 A 53,58 V generator deviation error,Electrical error control box,Remove all external connections to I/O-interface of Safety Control Board. Check for short circuit
C 50 A 54,5 V regulator too low,Electrical error control box,Remove all external connections to I/O-interface of Safety Control Board. Check for short circuit
C 50 A 55,5 V regulator too high,Electrical error control box,Remove all external connections to I/O-interface of Safety Control Board. Check for short circuit
C 50 A 56,-4 V generator too low,Electrical error control box,Remove all external connections to I/O-interface of Safety Control Board. Check for short circuit
C 50 A 57,-4 V generator too high,Electrical error control box,Remove all external connections to I/O-interface of Safety Control Board. Check for short circuit
C 50 A 80,Last CPU reset caused by Low- Power-Reset,Electrical error control box,Remove all external connections to I/O-interface of Safety Control Board. Check for short circuit
C 50 A 81,Last CPU reset caused by Window- Watchdog-Reset,Electrical error control box,Remove all external connections to I/O-interface of Safety Control Board. Check for short circuit
C 50 A 82,Last CPU reset caused by Independent- Watchdog-Reset,Electrical error control box,Remove all external connections to I/O-interface of Safety Control Board. Check for short circuit
C 50 A 83,Last CPU reset caused by Software- Reset,The Control Board was reset on explicit request.,Remove all external connections to I/O-interface of Safety Control Board. Check for short circuit
C 50 A 84,Last CPU reset caused by External- Pin-Reset,Electrical error control box,Remove all external connections to I/O-interface of Safety Control Board. Check for short circuit
C 50 A 85,Last CPU reset caused by Brown- Out-Reset,Electrical error control box,Remove all external connections to I/O-interface of Safety Control Board. Check for short circuit
C 50 A 99,Wrong software on PCB,Electrical error control box,Remove all external connections to I/O-interface of Safety Control Board. Check for short circuit
C 50 A 100,Cable not connected,Electrical error control box,Check cable and connections between robot and control box
C 50 A 101,Short circuit in robot detected or wrong robot connected to control box,Electrical error control box,Check robot type. Look for short circuit in cable and in robot arm
C 50 A 102,Voltage rising too slowly,Electrical error control box,Remove all external connections to I/O-interface of Safety Control Board. Check for short circuit
C 50 A 103,Voltage failed to reach acceptable level,Electrical error control box,Remove all external connections to I/O-interface of Safety Control Board. Check for short circuit
C 50 A 104,The IM MI module does not respond,Electrical error control box,Remove all external connections to I/O-interface of Safety Control Board. Check for short circuit
C 51 A,CRC check failure on secondary bus,,
C 51 A 0,Processor B,,
C 51 A 1,Primary screen processor,CRC check failure on safety processor 1 in Teach Pendant,
C 51 A 2,Secondary screen processor,CRC check failure on safety processor 2 in Teach Pendant,
C 51 A 3,Primary E 67,,
C 51 A 4,Secondary E 67,,
C 53 A,IO over current detected,Control Board error,Remove all external connections to I/O-interface of Safety Control Board. Check for short circuit
C 53 A 1,IO Over current detected. Maxis 800 m A,Control Board error,Remove all external connections to I/O-interface of Safety Control Board. Check for short circuit
C 53 A 2,IO Over current detected. Maxis 600 m A,Control Board error,Remove all external connections to I/O-interface of Safety Control Board. Check for short circuit
C 55 A,Safety system error,Safety system malfunction,"a) Check Motherboard, Control Board, Screen board, Current distributor (Euro map, if installed) . b) Check safety devices and cables/connections to these devices. c) Do a Complete rebooting sequence"
C 55 A 23,Safety relay error (minus connection),Current distributor error,a) Check cable from Control Board to Current distributor or 48 V Power supply and Current distributor for issues b) Do a Complete rebooting sequence
C 55 A 24,Safety relay error (plus connection),Current distributor error,a) Check cable from Control Board to Current distributor or 48 V Power supply and Current distributor for issues b) Do a Complete rebooting sequence
C 55 A 33,Safety relay error (a relay is stuck),Current distributor error,a) Check cable from Control Board to Current distributor or 48 V Power supply and Current distributor for issues b) Do a Complete rebooting sequence
C 55 A 34,Safety relay error (relays are not on),Current distributor error,a) Check cable from Control Board to Current distributor or 48 V Power supply and Current distributor for issues b) Do a Complete rebooting sequence
C 55 A 50,Voltage present at unpowered robot,Safety Control Bord hardware fault,"a) Do a Complete rebooting sequence. b) If this happens more than two times in a row, replace Control Board"
C 55 A 51,Voltage will not disappear from robot,Safety Control Bord hardware fault,"a) Do a Complete rebooting sequence. b) If this happens more than two times in a row, replace Control Board"
C 55 A 52,"5 V, 3 V 3 or ADC error (5 V too low)",Safety Control Bord hardware fault,"a) Do a Complete rebooting sequence. b) If this happens more than two times in a row, replace Control Board"
C 55 A 53,"5 V, 3 V 3 or ADC error (5 V too high)",Safety Control Bord hardware fault,"a) Do a Complete rebooting sequence. b) If this happens more than two times in a row, replace Control Board"
C 55 A 100,Safety violation,Safety system malfunction,"a) Check Motherboard, Control Board, Screen board, Current distributor (Euro map, if installed) . b) Check safety devices and cables/connections to these devices. c) Do a Complete rebooting sequence"
C 55 A 101,Safety Channel Error In Safety Control Board,Safety system malfunction,"a) Check Motherboard, Control Board, Screen board, Current distributor (Euro map, if installed) . b) Check safety devices and cables/connections to these devices. c) Do a Complete rebooting sequence"
C 55 A 102,Safety Channel Error In Screen,Safety system malfunction,"a) Check Motherboard, Control Board, Screen board, Current distributor (Euro map, if installed) . b) Check safety devices and cables/connections to these devices. c) Do a Complete rebooting sequence"
C 55 A 103,Safety Channel Error In Euro map 67 Interface,Safety system malfunction,"a) Check Motherboard, Control Board, Screen board, Current distributor (Euro map, if installed) . b) Check safety devices and cables/connections to these devices. c) Do a Complete rebooting sequence"
C 55 A 109,Received fault message from Controller,Safety system malfunction,"a) Check Motherboard, Control Board, Screen board, Current distributor (Euro map, if installed) . b) Check safety devices and cables/connections to these devices. c) Do a Complete rebooting sequence"
C 55 A 110,Safety State is changing too often,Safety system malfunction,"a) Check Motherboard, Control Board, Screen board, Current distributor (Euro map, if installed) . b) Check safety devices and cables/connections to these devices. c) Do a Complete rebooting sequence"
C 55 A 111,On/Off State is changing too often,Safety system malfunction,"a) Check Motherboard, Control Board, Screen board, Current distributor (Euro map, if installed) . b) Check safety devices and cables/connections to these devices. c) Do a Complete rebooting sequence"
C 55 A 112,Robot current sensors readings differ,Safety system malfunction,"a) Check Motherboard, Control Board, Screen board, Current distributor (Euro map, if installed) . b) Check safety devices and cables/connections to these devices. c) Do a Complete rebooting sequence"
C 55 A 120,Robot current is too high while emergency stopped,Safety system malfunction,"a) Check Motherboard, Control Board, Screen board, Current distributor (Euro map, if installed) . b) Check safety devices and cables/connections to these devices. c) Do a Complete rebooting sequence"
C 55 A 121,Robot current is too high while safeguard stopped,Safety system malfunction,"a) Check Motherboard, Control Board, Screen board, Current distributor (Euro map, if installed) . b) Check safety devices and cables/connections to these devices. c) Do a Complete rebooting sequence"
C 56 A,Over voltage shutdown,Voltage exceeded 55 V,a) Check Energy Eaters cable and connections. b) Check Energy. c) Replace Energy Eater
C 57 A,Brake release failure,,"a) Check Brake, solenoid. b) Check TCP configuration, payload and mounting settings"
C 57 A 1,Joint did not move or motor encoder is not functioning,,"a) Check Brake, solenoid. b) Check TCP configuration, payload and mounting settings"
C 57 A 2,Large movement detected during brake release,,"a) Check Brake, solenoid. b) Check TCP configuration, payload and mounting settings"
C 57 A 3,"Robot was not able to brake release, see log for details",,"a) Check Brake, solenoid. b) Check TCP configuration, payload and mounting settings"
C 58 A,Motor encoder not calibrated,,
C 59 A,Over current shutdown,Over current in joint. Argument = Current in Amps,"a) Check for short circuit. b) Do a Complete rebooting sequence. c) If this happens more than two times in a row, replace joint"
C 60 A,Energy surplus shutdown,The power supply is sending energy to the energy eater,a) Ensure power grid is not delivering more than 48 V b) Measure robot energy input c) Contact your local Universal Robots service provider for assistance.
C 61 A,Idle power consumption to high,The system is drawing more power than expected while idle,a) Check Energy Eaters cables and connections b) Check Energy Eater c) Replace Energy Eater
C 62 A,Thermal issue,,"a) Check nothing is hindering free movement of the joints. b) Check TCP configuration, payload and mounting settings"
C 62 A 1,Joint temperature: High(80 C),,"a) Check nothing is hindering free movement of the joints. b) Check TCP configuration, payload and mounting settings"
C 62 A 3,Warning: Static load too high,,"a) Check nothing is hindering free movement of the joints. b) Check TCP configuration, payload and mounting settings"
C 62 A 11,Joint temperature: Shut down(85 C),,"a) Check nothing is hindering free movement of the joints. b) Check TCP configuration, payload and mounting settings"
C 62 A 13,Shutdown: Static load too high,,"a) Check nothing is hindering free movement of the joints. b) Check TCP configuration, payload and mounting settings"
C 63 A,Motor test failed,Joint motor has a failure in a step,
C 64 A,Interface connection error,,
C 65 A,PSU voltage to high,The power supply output voltage is above 48.7 V,a) Ensure supply is not delivering more than 48 V b) Contact support
C 68 A,SPI error,Joint: Ab sol ut encoder on joint communication error,"a) Check for short circuit. b) Do a Complete rebooting sequence. c) If this happens more than several times in a row, replace joint"
C 70 A,Close to gearbox shear limit,Acceleration/deceleration to high. Mechanical problem in gear related to encoder mounting,"a) Reduce acceleration in user program. b) Do a Complete rebooting sequence. c) If this happens more than several times in a row, replace joint"
C 71 A,Startup check error,,Check for the phases of motor in the joint. Update firmware
C 71 A 0,"Hardware is size 0, wrong firmware at the joint",,Update firmware
C 71 A 1,"Hardware is size 1, wrong firmware at the joint",,Update firmware
C 71 A 2,"Hardware is size 2, wrong firmware at the joint",,Update firmware
C 71 A 3,"Hardware is size 3, wrong firmware at the joint",,Update firmware
C 71 A 4,"Hardware is size 4, wrong firmware at the joint",,Update firmware
C 71 A 5,Invalid hardware revision,,Check for the phases of motor in the joint. Update firmware
C 71 A 6,ADC calibration failed,,Check for the phases of motor in the joint. Update firmware
C 71 A 7,Unknown error result,"The motor wires are damaged, bad connection in screw terminals or defect PCB",a) Check joint for damaged or loose connections. b) Replace the joint
C 71 A 8,Motor short circuit to ground or H-bridge problems,"The motor wires are damaged, bad connection in screw terminals or defect PCB",a) Check joint for damaged or loose connections. b) Replace the joint
C 71 A 9,Motor indication signal does not work,"The motor wires are damaged, bad connection in screw terminals or defect PCB",a) Check joint for damaged or loose connections. b) Replace the joint
C 71 A 10,Phase 1 is unconnected or not working,"The motor wires are damaged, bad connection in screw terminals or defect PCB",a) Check joint for damaged or loose connections. b) Replace the joint
C 71 A 11,Phase 2 is unconnected or not working,"The motor wires are damaged, bad connection in screw terminals or defect PCB",a) Check joint for damaged or loose connections. b) Replace the joint
C 71 A 12,Phase 3 or multiple phases is unconnected or not working,The wire is (1) damaged or (2) has been disconnected from the PCB(not likely) or (3) defect PCB,a) Check joint for damaged or loose connections. b) Replace the joint
C 71 A 50,Current sensor test failed,Sensor reported wrong current when probed,a) Check joint for damaged or loose connections. b) Replace the joint
C 71 A 51,Current sensor test failed,Sensor reported wrong current when probed,a) Check joint for damaged or loose connections. b) Replace the joint
C 71 A 52,Current sensor test failed,Sensors reported different currents when probed,a) Check joint for damaged or loose connections. b) Replace the joint
C 71 A 101,Wrong firmware on RL S encoder,,Check for the phases of motor in the joint. Update firmware
C 72 A,Power Supply Unit failure,,
C 72 A 1,0 PSUs are active,Power Supply was not able to deliver 48 V,Check power connection between power supply and Control Board
C 72 A 2,"1 PSU active, but we expect 2(UR 10)",Power Supply was not able to deliver 48 Vor UR 10 flash card in UR 5 robot,Check power connection between power supply and Control Board and check that the flash card and robot match
C 72 A 3,"2 PSUs active, but we expect 1(UR 5)",UR 5 flash card in UR 10 robot,Check that the flash card and robot match
C 74 A,Joint encoder warning,Magnetic encoder error (absolute encoder) . Argument = sum of C 74 errors,
C 74 A 1,"Invalid decode: Read head misalignment, ring damaged or external magnetic field present.",Magnetic encoder error (absolute encoder) . Argument = sum of C 74 errors,Check grounding and shielding for EMC problems
C 74 A 2,Speed reading is not valid,Magnetic encoder error (absolute encoder) . Argument = sum of C 74 errors,
C 74 A 4,System error = malfunction or inconsistent calibration detected,Magnetic encoder error (absolute encoder) . Argument = sum of C 74 errors,
C 74 A 8,Supply voltage is out of range,Magnetic encoder error (absolute encoder) . Argument = sum of C 74 errors,
C 74 A 16,Temperature is out of range,Magnetic encoder error (absolute encoder) . Argument = sum of C 74 errors,
C 74 A 32,Signal lost = Mis aligned read head or damaged ring,Magnetic encoder error (absolute encoder) . Argument = sum of C 74 errors,
C 74 A 64,Signal low = Too far from magnetic ring,Magnetic encoder error (absolute encoder) . Argument = sum of C 74 errors,
C 74 A 128,Signal saturation = Too close to magnetic ring,Magnetic encoder error (absolute encoder) . Argument = sum of C 74 errors,
C 75 A,Joint encoder error,Magnetic encoder error (absolute encoder) . Argument = sum of C 75 errors,Check encoder connections
C 75 A 1,"Invalid decode: Read head misalignment, ring damaged or external magnetic field present.",Magnetic encoder error (absolute encoder) . Argument = sum of C 75 errors,"a) Do a Complete rebooting sequence. b) Check grounding and shielding for EMC problems. c) If this happens more than two times in a row, replace joint"
C 75 A 2,Speed reading is not valid,Magnetic encoder error (absolute encoder) . Argument = sum of C 75 errors,"a) Do a Complete rebooting sequence. b) If this happens more than two times in a row, replace joint"
C 75 A 4,System error = malfunction or inconsistent calibration detected,Magnetic encoder error (absolute encoder) . Argument = sum of C 75 errors,"a) Do a Complete rebooting sequence. b) If this happens more than two times in a row, replace joint"
C 75 A 8,Supply voltage is out of range,Magnetic encoder error (absolute encoder) . Argument = sum of C 75 errors,Check encoder connections
C 75 A 16,Temperature is out of range,Magnetic encoder error (absolute encoder) . Argument = sum of C 75 errors,Check encoder connections
C 75 A 32,Signal lost = Mis aligned read head or damaged ring,Magnetic encoder error (absolute encoder) . Argument = sum of C 75 errors,"a) Do a Complete rebooting sequence. b) Check grounding and shielding for EMC problems. c) If this happens more than two times in a row, replace joint"
C 75 A 64,Signal low = Too far from magnetic ring,Magnetic encoder error (absolute encoder) . Argument = sum of C 75 errors,"a) Do a Complete rebooting sequence. b) Check grounding and shielding for EMC problems. c) If this happens more than two times in a row, replace joint"
C 75 A 128,Signal saturation = Too close to magnetic ring,Magnetic encoder error (absolute encoder) . Argument = sum of C 75 errors,"a) Do a Complete rebooting sequence. b) Check grounding and shielding for EMC problems. c) If this happens more than two times in a row, replace joint"
C 75 A 200,Position from joint encoder does not change while motor is running,Magnetic encoder error (absolute encoder) . Argument = sum of C 75 errors,Check encoder connections
C 76 A,Joint encoder communication CRC issue,Error between sensor and joint circuit,Check connections or very heavy electrical noise
C 77 A,Sudden position change detected on the joint-encoder,The position reading from the encoder was different than expected.,
C 78 A,Large sudden position change detected on the joint-encoder,"The position reading from the encoder was severely different than expected, the latest measurement was discarded. The argument relates to the size of the position change.",
C 85 A 200,Position from motor encoder does not change while motor is running,,
C 85 A,Motor encoder error,,
C 100 A,Robot changed mode,"Status warning, general mode change",Check preceding errors in log history
C 101 A,Real Robot Connected,,
C 102 A,Real Robot not connected– Simulating Robot,,
C 103 A,Communication issue,,
C 103 A 1,Connection to Safety Control Board lost,PC did not receive 3 packets in a row,a) Check that the Ethernet cable between Motherboard and Control Board is connected. b) Do a Complete rebooting sequence
C 103 A 2,Package lost from Safety Control Board,,
C 103 A 3,Ethernet connection initialization with Safety Control Board failed,,
C 104 A,Error = Empty command sent to robot,,
C 111 A,Something is pulling the robot,,"Check TCP configuration, payload and mounting settings"
C 115 A,Unknown robot type,The robot type specified in the configuration is unknown,
C 116 A,Realtime part warning,Possible CPU-overload due to structure of user program,Restructure user program
C 117 A,Restart S CB failed,The Control Board couldn’t be re booted from the controller.,Do a Complete rebooting sequence
C 150 A,Protective Stop: Position close to joint limits,,
C 151 A,Protective Stop: Tool orientation close to limits,,
C 152 A,Protective Stop: Position close to safety plane limits,The robot TCP or a body link has approached or crossed a configured safety plane boundary defined in the safety configuration.,a) Review safety plane positions in the safety configuration. b) Modify the robot program to keep all motion within the defined safety zones. c) Check that the correct safety configuration is active.
C 153 A,Protective Stop: Position deviates from path,,
C 153 A 0,(base),,"Check payload, center of gravity and acceleration settings. Log screen may contain additional information."
C 153 A 1,(shoulder),,"Check payload, center of gravity and acceleration settings. Log screen may contain additional information."
C 153 A 2,(elbow),,"Check payload, center of gravity and acceleration settings. Log screen may contain additional information."
C 153 A 3,(wrist 1),,"Check payload, center of gravity and acceleration settings. Log screen may contain additional information."
C 153 A 4,(wrist 2),,"Check payload, center of gravity and acceleration settings. Log screen may contain additional information."
C 153 A 5,(wrist 3),,"Check payload, center of gravity and acceleration settings. Log screen may contain additional information."
C 154 A,Protective Stop: Position in singularity,Robot cannot move linear near a singularity,Use Move J or change the motion
C 155 A,"Protective Stop: Robot cannot maintain its position, check if payload is correct",,
C 156 A,"Protective Stop: Wrong payload or mounting detected, or something is pushing the robot when entering Free drive mode",The robot may move unexpected due to wrong settings,Verify that the TCP configuration and mounting in the used installation is correct
C 157 A,Protective Stop: Collision detected by joint,,
C 157 A 0,"(base) . Check payload, center of gravity and acceleration settings. Log screen may contain additional information.",,Make sure no objects are in the path of the robot and resume the program.
C 157 A 1,"(shoulder) . Check payload, center of gravity and acceleration settings. Log screen may contain additional information.",,Make sure no objects are in the path of the robot and resume the program.
C 157 A 2,"(elbow) . Check payload, center of gravity and acceleration settings. Log screen may contain additional information.",,Make sure no objects are in the path of the robot and resume the program.
C 157 A 3,"(wrist 1) . Check payload, center of gravity and acceleration settings. Log screen may contain additional information.",,Make sure no objects are in the path of the robot and resume the program.
C 157 A 4,"(wrist 2) . Check payload, center of gravity and acceleration settings. Log screen may contain additional information.",,Make sure no objects are in the path of the robot and resume the program.
C 157 A 5,"(wrist 3) . Check payload, center of gravity and acceleration settings. Log screen may contain additional information.",,Make sure no objects are in the path of the robot and resume the program.
C 158 A,Protective Stop: Collision detected by joint,"The joint torque model detected an unexpected resistive force consistent with a physical collision while the payload is specified as 0 kg, making the collision threshold very sensitive.",a) Set the correct payload mass and center of gravity in the installation settings. b) Clear any obstruction from the workspace. c) Verify acceleration and speed settings are appropriate for the mounted tool.
C 158 A 0,"(base) . The user specified payload is 0 kg, please make sure this is correct.",Specifying an incorrect payload mass and/or center of gravity may cause poor robot performance and/or protective stops.,Make sure the specified payload mass and center of gravity are correctly specified.
C 158 A 1,"(shoulder) . The user specified payload is 0 kg, please make sure this is correct.",Specifying an incorrect payload mass and/or center of gravity may cause poor robot performance and/or protective stops.,Make sure the specified payload mass and center of gravity are correctly specified.
C 158 A 2,"(elbow) . The user specified payload is 0 kg, please make sure this is correct.",Specifying an incorrect payload mass and/or center of gravity may cause poor robot performance and/or protective stops.,Make sure the specified payload mass and center of gravity are correctly specified.
C 158 A 3,"(wrist 1) . The user specified payload is 0 kg, please make sure this is correct.",Specifying an incorrect payload mass and/or center of gravity may cause poor robot performance and/or protective stops.,Make sure the specified payload mass and center of gravity are correctly specified.
C 158 A 4,"(wrist 2) . The user specified payload is 0 kg, please make sure this is correct.",Specifying an incorrect payload mass and/or center of gravity may cause poor robot performance and/or protective stops.,Make sure the specified payload mass and center of gravity are correctly specified.
C 158 A 5,"(wrist 3) . The user specified payload is 0 kg, please make sure this is correct.",Specifying an incorrect payload mass and/or center of gravity may cause poor robot performance and/or protective stops.,Make sure the specified payload mass and center of gravity are correctly specified.
C 159 A,Protective Stop: Position deviates from path,,
C 159 A 0,"(base) . The user specified payload is 0 kg, please make sure this is correct.",Specifying an incorrect payload mass and/or center of gravity may cause poor robot performance and/or protective stops.,Make sure the specified payload mass and center of gravity are correctly specified.
C 159 A 1,"(shoulder) . The user specified payload is 0 kg, please make sure this is correct.",Specifying an incorrect payload mass and/or center of gravity may cause poor robot performance and/or protective stops.,Make sure the specified payload mass and center of gravity are correctly specified.
C 159 A 2,"(elbow) . The user specified payload is 0 kg, please make sure this is correct.",Specifying an incorrect payload mass and/or center of gravity may cause poor robot performance and/or protective stops.,Make sure the specified payload mass and center of gravity are correctly specified.
C 159 A 3,"(wrist 1) . The user specified payload is 0 kg, please make sure this is correct.",Specifying an incorrect payload mass and/or center of gravity may cause poor robot performance and/or protective stops.,Make sure the specified payload mass and center of gravity are correctly specified.
C 159 A 4,"(wrist 2) . The user specified payload is 0 kg, please make sure this is correct.",Specifying an incorrect payload mass and/or center of gravity may cause poor robot performance and/or protective stops.,Make sure the specified payload mass and center of gravity are correctly specified.
C 159 A 5,"(wrist 3) . The user specified payload is 0 kg, please make sure this is correct.",Specifying an incorrect payload mass and/or center of gravity may cause poor robot performance and/or protective stops.,Make sure the specified payload mass and center of gravity are correctly specified.
C 160 A,Protective stop: The robot was powered off last time due to a joint position disagreement,,"a) Verify that the robot position in the 3 D graphics matches the real robot, to ensure that the encoders function before releasing the brakes. Stand back and monitor the robot performing its first program cycle as expected. b) If the position is not correct, the robot must be repaired. In this case, click Power Off Robot. c) If the position is correct, please tick the check box below the 3 D graphics and click Robot Position Verified"
C 161 A,"Protective stop: Large movement of the robot detected while it was powered off. The joints were moved while it was powered off, or the encoders do not function",,"a) Verify that the robot position in the 3 D graphics matches the real robot, to ensure that the encoders function before releasing the brakes. Stand back and monitor the robot performing its first program cycle as expected. b) If the position is not correct, the robot must be repaired. In this case, click Power Off Robot. c) If the position is correct, please tick the check box below the 3 D graphics and click Robot Position Verified"
C 162 A,The protective stop was likely caused by incorrectly specified payload mass and/or center of gravity.,Specifying an incorrect payload mass and/or center of gravity may cause poor robot performance and/or protective stops.,Make sure the specified payload mass and center of gravity are correct.
C 171 A,Issue with blends,,
C 171 A 0,A Move C-waypoint were skipped due to a blend.,The value for the blend radius is too large compared to the distance between the way points.,Decrease the blend radius or choose way points that are further apart.
C 171 A 1,Blend radius too small in a Move C,,Increase blend in Move C
C 171 A 3,A Servo C-waypoint were skipped due to a blend.,The value for the blend radius is too large compared to the distance between the way points.,Decrease the blend radius or choose way points that are further apart.
C 171 A 4,"Overlapping Blends in a Move J, a waypoint was skipped",,Decrease the blend radius or choose way points that are further apart.
C 171 A 5,"Overlapping Blends in a Move J, a waypoint was skipped",,Decrease the blend radius or choose way points that are further apart.
C 171 A 6,"Overlapping Blends in a Move J, a waypoint was skipped",,Decrease the blend radius or choose way points that are further apart.
C 171 A 7,"Overlapping Blends in a Move J, a waypoint was skipped",,Decrease the blend radius or choose way points that are further apart.
C 171 A 9,A Move P-waypoint were skipped due to a blend.,The value for the blend radius is too large compared to the distance between the way points.,Decrease the blend radius or choose way points that are further apart.
C 171 A 10,Blend radius too small error in a Move P,,
C 171 A 11,"Overlapping Blends in a Move L, a waypoint was skipped",,Decrease the blend radius or choose way points that are further apart.
C 171 A 12,"Overlapping Blends in a Move L, a waypoint was skipped",,Decrease the blend radius or choose way points that are further apart.
C 171 A 13,"Overlapping Blends in a Move L, a waypoint was skipped",,Decrease the blend radius or choose way points that are further apart.
C 171 A 14,"Overlapping Blends in a Move L, a waypoint was skipped",,Decrease the blend radius or choose way points that are further apart.
C 172 A,Illegal control mode,,
C 173 A 0,Robot motion causes too high joint torques on Base.,,"Review your accelerations, blends and if there are collisions or excessive torques in the joint, adjust accordingly."
C 173 A 1,Robot motion causes too high joint torques on Shoulder.,,"Review your accelerations, blends and if there are collisions or excessive torques in the joint, adjust accordingly."
C 173 A 2,Robot motion causes too high joint torques on Elbow.,,"Review your accelerations, blends and if there are collisions or excessive torques in the joint, adjust accordingly."
C 173 A 3,Robot motion causes too high joint torques on Wrist 1.,,"Review your accelerations, blends and if there are collisions or excessive torques in the joint, adjust accordingly."
C 173 A 4,Robot motion causes too high joint torques on Wrist 2.,,"Review your accelerations, blends and if there are collisions or excessive torques in the joint, adjust accordingly."
C 173 A 5,Robot motion causes too high joint torques on Wrist 3.,,"Review your accelerations, blends and if there are collisions or excessive torques in the joint, adjust accordingly."
C 173 A 6,Robot motion causes too high joint torques on Base. Problem identified in program,,"Review your accelerations, blends and if there are collisions or excessive torques in the joint, adjust accordingly."
C 173 A 7,Robot motion causes too high joint torques on Shoulder. Problem identified in program,,"Review your accelerations, blends and if there are collisions or excessive torques in the joint, adjust accordingly."
C 173 A 8,Robot motion causes too high joint torques on Elbow. Problem identified in program,,"Review your accelerations, blends and if there are collisions or excessive torques in the joint, adjust accordingly."
C 173 A 9,Robot motion causes too high joint torques on Wrist 1. Problem identified in program,,"Review your accelerations, blends and if there are collisions or excessive torques in the joint, adjust accordingly."
C 173 A 10,Robot motion causes too high joint torques on Wrist 2. Problem identified in program,,"Review your accelerations, blends and if there are collisions or excessive torques in the joint, adjust accordingly."
C 173 A 11,Robot motion causes too high joint torques on Wrist 3. Problem identified in program,,"Review your accelerations, blends and if there are collisions or excessive torques in the joint, adjust accordingly."
C 174 A 0,Robot motion causes too high jumpin joint torques on Base.,,
C 174 A 1,Robot motion causes too high jumpin joint torques on Shoulder.,,
C 174 A 2,Robot motion causes too high jumpin joint torques on Elbow.,,
C 174 A 3,Robot motion causes too high jumpin joint torques on Wrist 1.,,
C 174 A 4,Robot motion causes too high jumpin joint torques on Wrist 2.,,
C 174 A 5,Robot motion causes too high jumpin joint torques on Wrist 3.,,
C 174 A 6,Base. Problem identified when executing program on a specified line.,,
C 174 A 7,Shoulder. Problem identified when executing program on a specified line.,,
C 174 A 8,Elbow. Problem identified when executing program on a specified line.,,
C 174 A 9,Wrist 1. Problem identified when executing program on a specified line.,,
C 174 A 10,Wrist 2. Problem identified when executing program on a specified line.,,
C 174 A 11,Wrist 3. Problem identified when executing program on a specified line.,,
C 187 A 1,Temperature sensor test failed,Starting temperature were lower than expected,Make sure that the robot is running on the allowed range of temperature.
C 187 A 2,Temperature sensor test failed,Starting temperature were higher than expected,Make sure that the robot is running on the allowed range of temperature.
C 187 A 3,Temperature sensor test failed,Temperature increased less than expected during warm up,Make sure that the robot is running on the allowed range of temperature.
C 187 A 4,Temperature sensor test failed,Temperature increased more than expected during warm up,Make sure that the robot is running on the allowed range of temperature.
C 191 A,Safety system violation,,
C 191 A 1,Joint position limit violated,The maximum range has been exceeded,
C 191 A 2,Joint speed limit violated,The maximum speed has been exceeded,
C 191 A 3,TCP speed limit violated,The maximum speed has been exceeded,
C 191 A 4,TCP position limit violated,The maximum range has been exceeded,
C 191 A 5,TCP orientation limit violated,The maximum orientation has been exceeded,
C 191 A 6,Power limit violated,The maximum power has been exceeded,
C 191 A 7,Joint torque window violated,The maximum torque has been exceeded,
C 191 A 8,Joint torque window too large,The maximum torque has been exceeded,
C 191 A 9,Reduced mode output violation,,
C 191 A 10,Safeguards top output violation,,
C 191 A 11,Emergency stop output violation,,
C 191 A 12,Momentum limit violation,,
C 191 A 13,Robot moving output violation,,
C 191 A 14,Robot is not braking in stop mode,"During the braking process, the safety system monitors if the robot brakes as expected. If this is not the case, this error is generated","Check TCP configuration, payload and mounting settings"
C 191 A 15,Robot is moving in stop mode,"When the robot is stopped due to a safety violation or a safeguards top, the safety system generates this error, if the robot moves while in this mode","a) Check if the robot is physically pushed while safeguard stopped. b) Check TCP configuration, payload and mounting settings"
C 191 A 16,Robot did not stop in time,,
C 191 A 17,Received a null vector for TCP orientation,,
C 191 A 18,Robot not stopping output violation,,
C 191 A 19,Invalid safety IO configuration,,
C 191 A 20,Configuration information or limit sets not received,,
C 191 A 21,The other safety processor detected a violation,,
C 191 A 22,Received unknown command from Controller,,
C 191 A 23,Invalid setup of safety limits,,a) Check Firmware/update firmware. b) Do a Complete rebooting sequence
C 191 A 24,"Reduced Mode Output set, while it should not be",,a) Check Firmware/update firmware. b) Do a Complete rebooting sequence
C 191 A 25,"Reduced Mode Output not set, while it should be",,a) Check Firmware/update firmware. b) Do a Complete rebooting sequence
C 191 A 26,"Not Reduced Mode Output set, while it should not be",,a) Check Firmware/update firmware. b) Do a Complete rebooting sequence
C 191 A 27,"Not Reduced Mode Output not set, while it should be",,a) Check Firmware/update firmware. b) Do a Complete rebooting sequence
C 191 A 28,Robot Emergency Stop exceeded maximum stop time,,"a) Check that max payload of the robot has not been exceeded. b) Check TCP configuration, payload and mounting settings"
C 191 A 29,System Emergency Stop exceeded maximum stop time,,"a) Check that max payload of the robot has not been exceeded. b) Check TCP configuration, payload and mounting settings"
C 191 A 30,Safeguard Stop exceeded maximum stop time,,"a) Check that max payload of the robot has not been exceeded. b) Check TCP configuration, payload and mounting settings"
C 191 A 31,Operation mode switch is present while the three position switch is missing,,
C 191 A 32,Joint speed limit violated: Base,,
C 191 A 33,Joint speed limit violated: Shoulder,,
C 191 A 34,Joint speed limit violated: Elbow,,
C 191 A 35,Joint speed limit violated: Wrist 1,,
C 191 A 36,Joint speed limit violated: Wrist 2,,
C 191 A 37,Joint speed limit violated: Wrist 3,,
C 192 A,Safety system fault,,
C 192 A 1,Robot still powered in emergency stop,"When the emergency stop is active, the robot arm powers off. The controller is responsible for sending the power off command. This error is generated if the safety system detects that the robot arm still has power",
C 192 A 2,Robot emergency stop disagreement,E-stop in teach pendant or in robot E-stop circuit problem,Check safety devices and cables/connections to these devices.
C 192 A 3,System emergency stop disagreement,System E-stop circuit problem,Check safety devices and cables/connections to these devices.
C 192 A 4,Safeguards top disagreement,Safeguard circuit problem,Check safety devices and cables/connections to these devices.
C 192 A 5,Euro map safeguard stop disagreement,Euro map circuit problem,Check cables from Control Board to Euro map and to external machine
C 192 A 6,Joint position disagreement,,"a) Check TCP configuration, payload and mounting settings. b) Check that safety settings respected"
C 192 A 7,Joint speed disagreement,,"a) Check TCP configuration, payload and mounting settings. b) Check that safety settings respected"
C 192 A 8,Joint torque disagreement,,"a) Check TCP configuration, payload and mounting settings. b) Check that safety settings respected"
C 192 A 9,TCP speed disagreement,,"a) Check TCP configuration, payload and mounting settings. b) Check that safety settings respected"
C 192 A 10,TCP position disagreement,,"a) Check TCP configuration, payload and mounting settings. b) Check that safety settings respected"
C 192 A 11,TCP orientation disagreement,,"a) Check TCP configuration, payload and mounting settings. b) Check that safety settings respected"
C 192 A 12,Power disagreement,Power calculation: u P-A and u P-B disagreement,
C 192 A 13,Joint torque window disagreement,,
C 192 A 14,Reduced mode input disagreement,Safety I/Ou P-A andu P-B disagreement,Check safety devices and cables/connections to these devices
C 192 A 15,Reduced mode output disagreement,Safety I/Ou P-A andu P-B disagreement,Check safety devices and cables/connections to these devices
C 192 A 16,Safety output failed,The safety output did not reach the correct value in the expected time,Check for short circuit on I/O or for wrong connection to output.
C 192 A 17,Safeguards top output disagreement,Safety I/Ou P-A andu P-B disagreement,Check safety devices and cables/connections to these devices
C 192 A 18,The other safety processor is in fault,,
C 192 A 19,Emergency stop output disagreement,Safety I/Ou P-A andu P-B disagreement,Check safety devices and cables/connections to these devices
C 192 A 20,SPI output error detected,Power supply for the I/Ois not detected,"Check if the connection to the internal power supply is correct. If an external power supply is being used, check if it is powered on and at the correct voltage."
C 192 A 21,Momentum disagreement,,
C 192 A 22,Robot moving output disagreement,,Check safety devices and cables/connections to these devices
C 192 A 23,Wrong processor ID,,
C 192 A 24,Wrong processor revision,,
C 192 A 25,Potential brownout detected,Voltage drop on Control Board or defect Safety Control Board,
C 192 A 26,Emergency stop output disagreement,,Check safety devices and cables/connections to these devices
C 192 A 27,Safeguards top output disagreement,,Check safety devices and cables/connections to these devices
C 192 A 28,Robot not stopping output disagreement,,Check safety devices and cables/connections to these devices
C 192 A 29,Safeguard reset input disagreement,,Check safety devices and cables/connections to these devices
C 192 A 30,Safety processor booted up in fault mode,,
C 192 A 31,Reduced Mode Output disagreement,,Check safety devices and cables/connections to these devices
C 192 A 32,Not Reduced Mode Output disagreement,,Check safety devices and cables/connections to these devices
C 192 A 33,A timing issue occurred during startup. Please restart to proceed,Checksum disagreement between safety processors u A andu B,
C 192 A 34,User safety config checksum disagreement betweenu A and GUI,,
C 192 A 35,Robot config checksum disagreement betweenu A and GUI,,
C 192 A 36,Online RAM test failed,,
C 192 A 37,Not all safety related functionalities are running,,
C 192 A 38,Package too short for CRC calculation,,
C 192 A 39,Three position switch input disagreement,,
C 192 A 40,Operation mode switch input disagreement,,
C 193 A,One of the nodes is in fault mode,,
C 193 A 0,Base Joint,,a) See previous error. b) Update the firmware on the joint. c) Do a Complete rebooting sequence
C 193 A 1,Shoulder Joint,,a) See previous error. b) Update the firmware on the joint. c) Do a Complete rebooting sequence
C 193 A 2,Elbow Joint,,a) See previous error. b) Update the firmware on the joint. c) Do a Complete rebooting sequence
C 193 A 3,Wrist 1 Joint,,a) See previous error. b) Update the firmware on the joint. c) Do a Complete rebooting sequence
C 193 A 4,Wrist 2 Joint,,a) See previous error. b) Update the firmware on the joint. c) Do a Complete rebooting sequence
C 193 A 5,Wrist 3 Joint,,a) See previous error. b) Update the firmware on the joint. c) Do a Complete rebooting sequence
C 193 A 6,Tool,,a) See previous error. b) Do a Complete rebooting sequence
C 193 A 7,Screen 1,Control Board has detected an error on Safety processor 1 in Teach pendant,a) See previous error. b) Do a Complete rebooting sequence
C 193 A 8,Screen 2,Control Board has detected an error on Safety processor 2 in Teach pendant,a) See previous error. b) Do a Complete rebooting sequence
C 193 A 9,Euro map 1,,a) See previous error. b) Do a Complete rebooting sequence
C 193 A 10,Euro map 2,,a) See previous error. b) Do a Complete rebooting sequence
C 194 A,One of the nodes is not booted or not present,,
C 194 A 0,Base Joint,,
C 194 A 1,Shoulder Joint,,
C 194 A 2,Elbow Joint,,
C 194 A 3,Wrist 1 Joint,,
C 194 A 4,Wrist 2 Joint,,
C 194 A 5,Wrist 3 Joint,,
C 194 A 6,Tool,,
C 194 A 7,Screen 1,Control Board has detected an error on Safety processor 1 in Teach pendant,
C 194 A 8,Screen 2,Control Board has detected an error on Safety processor 2 in Teach pendant,
C 194 A 9,Euro map 1,,
C 194 A 10,Euro map 2,,
C 194 A 128,Base not ready while brake release requested,Must be at least in IDLE mode when the brake release is requested,Check for loose communication cable
C 194 A 129,Shoulder not ready while brake release requested,Must be at least in IDLE mode when the brake release is requested,Check for loose communication cable
C 194 A 130,Elbow not ready while brake release requested,Must be at least in IDLE mode when the brake release is requested,Check for loose communication cable
C 194 A 131,Wrist 1 not ready while brake release requested,Must be at least in IDLE mode when the brake release is requested,Check for loose communication cable
C 194 A 132,Wrist 2 not ready while brake release requested,Must be at least in IDLE mode when the brake release is requested,Check for loose communication cable
C 194 A 133,Wrist 3 not ready while brake release requested,Must be at least in IDLE mode when the brake release is requested,Check for loose communication cable
C 194 A 134,Tool not ready while brake release requested,Must be at least in IDLE mode when the brake release is requested,Check for loose communication cable
C 195 A,Conveyor speed too high,Conveyor speed higher than robot can run,Make sure that conveyor tracking is set up correctly
C 195 A 1,for joint speed safety limit,Conveyor speed higher than robot can run,Make sure that conveyor tracking is set up correctly
C 195 A 2,for TCP speed safety limit,Conveyor speed higher than robot can run,Make sure that conveyor tracking is set up correctly
C 195 A 3,for momentum safety limit,Conveyor speed higher than robot can run,Make sure that conveyor tracking is set up correctly
C 196 A,Move P speed too high,Too high speed in relation to blend radius,Reduce speed or increase blend radius in user program
C 197 A,Blend overlap warning,,Review blend values in the program
C 200 A,Safety Control Board hardware error,,Check Safety Control Board functionality
C 200 A 1,Hardware ID is wrong,Safety Control Board: u P-A has detected an error: Wrong Safety Control Board,"a) Do a Complete rebooting sequence. b) If this happens more than two times in a row, replace Safety Control Board"
C 200 A 2,M CU type is wrong,Safety Control Board: u P-A has detected an error,"a) Do a Complete rebooting sequence. b) If this happens more than two times in a row, replace Safety Control Board"
C 200 A 3,Part ID is wrong,Safety Control Board: u P-A has detected an error,"a) Do a Complete rebooting sequence. b) If this happens more than two times in a row, replace Safety Control Board"
C 200 A 4,RAM test failed,Safety Control Board: u P-A has detected an error,"a) Do a Complete rebooting sequence. b) If this happens more than two times in a row, replace Safety Control Board"
C 200 A 5,Register test failed,Safety Control Board: u P-A has detected an error,"a) Do a Complete rebooting sequence. b) If this happens more than two times in a row, replace Safety Control Board"
C 200 A 6,p Rom Crc test failed,Safety Control Board: u P-A has detected an error: firmware error,"a) Do a Complete rebooting sequence. b) If this happens more than two times in a row, replace Safety Control Board"
C 200 A 7,Watchdog reset the processor,Safety Control Board: u P-A has detected an error,Check Safety Control Board functionality
C 200 A 8,OV G signal test not passed,Safety Control Board: u P-A has detected an error: over voltage generator,"a) Do a Complete rebooting sequence. b) If this happens more than two times in a row, replace Safety Control Board"
C 200 A 9,3 V 3 A power good pin is low,Safety Control Board: u P-A has detected an error,"a) Do a Complete rebooting sequence. b) If this happens more than two times in a row, replace Safety Control Board"
C 200 A 10,3 V 3 B power good pin is low,Safety Control Board: u P-A has detected an error,"a) Do a Complete rebooting sequence. b) If this happens more than two times in a row, replace Safety Control Board"
C 200 A 11,5 V power good is low,Safety Control Board: u P-A has detected an error,"a) Do a Complete rebooting sequence. b) If this happens more than two times in a row, replace Safety Control Board"
C 200 A 12,3 V 3 voltage too low,Safety Control Board: u P-A has detected an error,"a) Do a Complete rebooting sequence. b) If this happens more than two times in a row, replace Safety Control Board"
C 200 A 13,3 v 3 voltage too high,Safety Control Board: u P-A has detected an error,"a) Do a Complete rebooting sequence. b) If this happens more than two times in a row, replace Safety Control Board"
C 200 A 14,48 V input is too low,,"a) Do a Complete rebooting sequence. b) Check 48 V Power supply, current distributer, energy eater and Control Board for issues"
C 200 A 15,48 V input is too high,,"a) Do a Complete rebooting sequence. b) Check 48 V Power supply, current distributer, energy eater and Control Board for issues"
C 200 A 16,24 VIO short circuited,Too high current,a) Do a Complete rebooting sequence. b) Disconnect external I/O connections and check external power supply if connected
C 200 A 17,PC current is too high,Motherboard takes too high current,a) Do a Complete rebooting sequence. b) Check cable between Control Board and Motherboard and check all connections to Motherboard. Also check for short circuit
C 200 A 18,Robot voltage is too low,,"a) Do a Complete rebooting sequence. b) Check for short circuit in robot arm. c) Check 48 V Power supply, current distributer, energy eater and Control Board for issues"
C 200 A 19,Robot voltage is too high,,"a) Do a Complete rebooting sequence. b) Check 48 V Power supply, current distributer, energy eater and Control Board for issues"
C 200 A 20,24 VIO voltage is too low,,"a) Do a Complete rebooting sequence. b) Disconnect I/O, check external power supply if connected and check Control Board for issues"
C 200 A 21,12 V voltage is too high,,"a) Do a Complete rebooting sequence. b) Check 12 V Power supply, cables and Control Board for issues"
C 200 A 22,12 V voltage is too low,,"a) Do a Complete rebooting sequence. b) Check 12 V Power supply, cables and Control Board for issues"
C 200 A 23,It took too long to stabilize 24 V,,a) Do a Complete rebooting sequence. b) Check 24 Vand Control Board for issues
C 200 A 24,It took too long to stabilize 24 VIO,,a) Do a Complete rebooting sequence. b) Check 24 Vand Control Board for issues
C 200 A 25,24 V voltage is too high,,"a) Check external 24 Vand Control Board for issues. b) Do a Complete rebooting sequence. c) If this happens more than two times in a row, replace Safety Control Board."
C 200 A 26,24 VIO voltage is too high,,a) Disconnect I/O’s. b) Do a Complete rebooting sequence. c) Check external 24 Vand Control Board for issues
C 201 A,Setup of Safety Control Board failed,,
C 201 A 0,Setup of Safety Control Board failed,No data was received from the Control Board at initialization or invalid safety parameters have been received,a) Do a Complete rebooting sequence b) Update software c) Contact your local Universal Robots service provider for assistance.
C 201 A 1,SC Bu A is not responding,No data or invalid data was received from the Control Boardu A at initialization,a) Do a Complete rebooting sequence b) Update software c) Contact your local Universal Robots service provider for assistance.
C 201 A 2,SC Bu B is not responding,No data or invalid data was received from the Control Boardu Bat initialization,Do a Complete rebooting sequence.
C 201 A 3,SCBis not responding,No data or invalid was received from Control Board when requested for configuration parameters,Do a Complete rebooting sequence.
C 202 A,"SCE configuration was illegal, after applying tolerances",,
C 203 A,Poly Scope detected a mismatch between the shown and(to be) applied safety parameters,Poly Scope continuously verifies that the shown safety parameters are equal to the running parameters,a) Check that the software version is the same or newer than the firmware on the Safety Control Board. b) Reload the installation. c) Do a Complete rebooting sequence
C 204 A,Protective Stop: Path sanity check failed,,
C 204 A 1,Sudden change in target position,,
C 204 A 2,Inconsistency between target position and speed,Controller is detecting that position in current cycle has changed much more than it should based on expected joint speed.,"a) Either an incorrect payload is mounted, or an external force is pushing the robot. b) Check TCP configuration, payload and mounting settings."
C 204 A 3,Sudden stop,The program contains motions that are not ramp ed correctly down,"To abort a motion, use \stopj\”or \”stopl\”script commands to generate a smooth deceleration before using\”wait\”. Avoid aborting motions between way points with blend”"
C 204 A 4,Robot has not stopped in the allowed reaction and braking time,,
C 204 A 5,Robot program resulted in invalid set point,,Review way points in the program
C 204 A 6,Blending failed and resulted in an invalid set point,,Try changing the blend radius or contact technical support
C 204 A 7,Robot approaching singularity – Acceleration threshold failed,,"Review way points in the program, try using Move J instead of Move L in the position close to singularity"
C 205 A,Target speed does not match target position,,
C 205 A 0,Inconsistency between target position and speed,,
C 206 A,Sanity check failed,,
C 206 A 0,Target joint speed does not match target joint position change – Base,,
C 206 A 1,Target joint speed does not match target joint position change – Shoulder,,
C 206 A 2,Target joint speed does not match target joint position change – Elbow,,
C 206 A 3,Target joint speed does not match target joint position change – Wrist 1,,
C 206 A 4,Target joint speed does not match target joint position change – Wrist 2,,
C 206 A 5,Target joint speed does not match target joint position change – Wrist 3,,
C 207 A,Field bus input disconnected,,"Check field bus connections (RT DE, Mod Bus, Ether Net/IP and Prof in et) or disable the field bus in the installation. Check RT DE watchdog feature. Check if a URC apis using this feature."
C 208 A,Debug Assertion failed,An assert was executed. Notice: The functionality is exclusively used for testing purposes.,
C 209 A,A protective stop was triggered(for test purposes only),A protective stop was triggered. Notice: The functionality is exclusively used for testing purposes.,
C 210 A,Socket is read-only when the robot is in local (Teach pendant) control,,Set the robot in remote control in Poly Scope to enable receiving scripts in the controller
C 211 A,Operational mode changed,,
C 211 A 0,Disabled,,
C 211 A 1,Automatic,,
C 211 A 2,Manual,,
C 212 A,Name conflict in loaded program,,
C 212 A 1,Name conflict(s) occurred between feature names and program variables,"Some feature names and program variables share the same name, which may cause confusion.",Rename the program variables.
C 217 A,Blank space detected at the beginning of a string,Leading blank spaces in strings are ignored in this version,Make sure that these leading blank spaces are intentional otherwise remove them
C 218 A,A thread used a lot of time,"There may be an infinite loop or other command that does not move the robot, this can cause program overload",Add a Wait command or sync () script to split long program sequences and have sequenced processing time
C 218 A 0,Main Robot Program used a lot of time,"There may be an infinite loop or other command that does not move the robot, this can cause program overload",Use a wait command or sync () script
C 218 A 1,A thread used a lot of time,"There may be an infinite loop or other command that does not move the robot, this can cause program overload",Use a wait command or sync () script
C 219,Change in offset is too high,Following the specified offsets would result in the robot exceeding safety limits,
C 219 A 1,Close to joint speed safety limit,Following the specified offsets would result in the robot exceeding safety limits,Review program speed and acceleration
C 219 A 2,Close to tool speed safety limit,Following the specified offsets would result in the robot exceeding safety limits,Review program speed and acceleration
C 219 A 3,Close to momentum safety limit,Following the specified offsets would result in the robot exceeding safety limits,Review program speed and acceleration
C 257 A,Unknown message,,
C 258 A,Invalid Payload,,Please insert a valid payload
C 259 A,Filesystem related issue,,
C 259 A 0 to C 259 A 81,Critical error,A critical error occurred in the filesystem,a) Do a Complete rebooting sequence b) Update robot Software c) Re image SD card d) Contact your local Universal Robots service provider for assistance.
C 260 A,Brake Release,Brake release not responding properly,a) Check the brake release system b) Do a Complete rebooting sequence c) Contact your local Universal Robots service provider for assistance.
C 260 A 0,Critical error,A critical error occurred during Brake Release,"a) Do a Complete rebooting sequence b) Ensure the mounted payload, TCP and Co G matches your configuration. c) Update robot software d) For further assistance, contact your local Universal Robots service provider."
C 260 A 1 to C 260 A 21,Brake Release,Motor moved only,
C 261 A,Temperature Sensor,,
C 261 A 0 to C 261 A 3,Critical error,A critical error occurred in the temperature sensor,a) Do a Complete rebooting sequence b) Contact your local Universal Robots service provider for assistance.
C 261 A 4 to C 261 A 15,Temperature is too high(degrees Celsius),Ambient temperature is too high or low. Temperature sensor read a temperature outside the allowed range.,a) Check robot’s environment and make sure the robot is operating within recommended limits. b) Do a Complete rebooting sequence
C 262 A,Communication,,
C 263 A,Motor Encoder,,
C 263 A 0 to C 263 A 31,Critical error on Motor Encoder,A critical error occurred in the Motor Encoder.,a) Do a Complete rebooting sequence b) Update software c) Contact your local Universal Robots service provider for assistance.
C 264 A,Task Manager,,
C 264 A 0 to C 264 A 11,Critical error on Task Manager,A critical error occurred in the task manager. Overload of the task manager.,a) Do a Complete rebooting sequence b) Update software c) Contact your local Universal Robots service provider for assistance.
C 265 A,Joint Encoder,,
C 268 A 0,Special Command,Received un handled command cm d,
C 268 A 1,Special Command,Recieved Set Zero Command at too high speed,
C 269 A,Transceiver,Field bus transmitting and receiving of information failed,
C 269 A 0 to C 269 A 70,Transceiver,,
C 271,Low-level runtime thread,Process running behind,a) Check that the program and client interface is not taking unnecessary resources.
C 271 A 1 to C 271 A 5,Runtime is too much behind,One of the threads might be using too much time,Consider using a Wait or sync() to split long program sequences that do not move the robot.
C 272 A,Missing joint calibration,,
C 272 A 0 to C 272 A 6,Critical error – the calibration is missing,calibration could not be loaded,a) Update software b) Contact your local Universal Robots service provider for assistance.
C 273 A,Cross monitoring,,
C 273 A 0,Critical error,A critical disagreement error occurred in the safety system,a) Do a Complete rebooting sequence b) Update software c) Contact your local Universal Robots service provider for assistance.
C 273 A 1,Cross monitoring,Float value on A-side,a) Do a Complete rebooting sequence b) Update software c) Contact your local Universal Robots service provider for assistance.
C 273 A 2,Cross monitoring,Float value on B-side,a) Do a Complete rebooting sequence b) Update software c) Contact your local Universal Robots service provider for assistance.
C 273 A 3,Cross monitoring,Unsigned value on A-side,a) Do a Complete rebooting sequence b) Update software c) Contact your local Universal Robots service provider for assistance.
C 273 A 4,Cross monitoring,Unsigned value on B-side,a) Do a Complete rebooting sequence b) Update software c) Contact your local Universal Robots service provider for assistance.
C 273 A 5,Disagreement on Safety Control Board State,A critical disagreement occurred within the safety system.,a) Do a Complete rebooting sequence b) Update software c) Contact your local Universal Robots service provider for assistance.
C 273 A 6,Disagreement on Robot State,A critical disagreement occurred within the safety system.,a) Do a Complete rebooting sequence b) Update software c) Contact your local Universal Robots service provider for assistance.
C 273 A 7,Disagreement on Safety State,A critical disagreement occurred within the safety system,a) Do a Complete rebooting sequence b) Update software c) Contact your local Universal Robots service provider for assistance.
C 273 A 8,Disagreement on position,A critical disagreement occurred within the safety system,a) Do a Complete rebooting sequence b) Update software c) Contact your local Universal Robots service provider for assistance.
C 273 A 9,Disagreement on velocity,A critical disagreement occurred within the safety system,a) Do a Complete rebooting sequence b) Update software c) Contact your local Universal Robots service provider for assistance.
C 273 A 10,Disagreement on current,A critical disagreement occurred within the safety system,a) Do a Complete rebooting sequence b) Update software c) Contact your local Universal Robots service provider for assistance.
C 273 A 11,Disagreement on temperature,A critical disagreement occurred within the safety system,a) Do a Complete rebooting sequence b) Update software c) Contact your local Universal Robots service provider for assistance.
C 273 A 12,Disagreement on Teach Pendant State,A critical disagreement occurred within the safety system,a) Do a Complete rebooting sequence b) Update software c) Contact your local Universal Robots service provider for assistance.
C 273 A 13,Disagreement on Teach Pendant Emergency Stop,A critical disagreement occurred within the safety system,a) Do a Complete rebooting sequence b) Update software c) Contact your local Universal Robots service provider for assistance.
C 273 A 14,One processor entered Fault State,A critical disagreement occurred within the safety system,a) Do a Complete rebooting sequence b) Update software c) Contact your local Universal Robots service provider for assistance.
C 273 A 15,One processor entered Violation State,A critical disagreement occurred within the safety system,a) Do a Complete rebooting sequence b) Update software c) Contact your local Universal Robots service provider for assistance.
C 273 A 16,Joint State disagreement,A critical disagreement occurred within the safety system,a) Do a Complete rebooting sequence b) Update software c) Contact your local Universal Robots service provider for assistance.
C 273 A 17,Joint Constant Data CRC disagreement,A critical disagreement occurred within the safety system,a) Do a Complete rebooting sequence b) Update software c) Contact your local Universal Robots service provider for assistance.
C 273 A 18,Joint target current disagreement,A critical disagreement occurred within the safety system,a) Do a Complete rebooting sequence b) Update software c) Contact your local Universal Robots service provider for assistance.
C 273 A 19,Torque Window disagreement,A critical disagreement occurred within the safety system,a) Do a Complete rebooting sequence b) Update software c) Contact your local Universal Robots service provider for assistance.
C 273 A 20,Torque Error disagreement,A critical disagreement occurred within the safety system,a) Do a Complete rebooting sequence b) Update software c) Contact your local Universal Robots service provider for assistance.
C 273 A 21,Target Velocity disagreement,A critical disagreement occurred within the safety system,a) Do a Complete rebooting sequence b) Update software c) Contact your local Universal Robots service provider for assistance.
C 273 A 22,Target Acceleration disagreement,A critical disagreement occurred within the safety system,a) Do a Complete rebooting sequence b) Update software c) Contact your local Universal Robots service provider for assistance.
C 273 A 23,Recovery Mode CRC disagreement,A critical disagreement occurred within the safety system,a) Do a Complete rebooting sequence b) Update software c) Contact your local Universal Robots service provider for assistance.
C 273 A 24,Robot Configuration CRC disagreement,A critical disagreement occurred within the safety system,a) Do a Complete rebooting sequence b) Update software c) Contact your local Universal Robots service provider for assistance.
C 273 A 25,User Configuration CRC disagreement,A critical disagreement occurred within the safety system,a) Do a Complete rebooting sequence b) Update software c) Contact your local Universal Robots service provider for assistance.
C 273 A 26,Maximum stopping time disagreement,A critical disagreement occurred within the safety system,a) Do a Complete rebooting sequence b) Update software c) Contact your local Universal Robots service provider for assistance.
C 273 A 27,Stopping Time Torque Overload disagreement,A critical disagreement occurred within the safety system,a) Do a Complete rebooting sequence b) Update software c) Contact your local Universal Robots service provider for assistance.
C 273 A 28,Disagreement error on a specific joint,A critical disagreement occurred within the safety system,a) Do a Complete rebooting sequence b) Update software c) Contact your local Universal Robots service provider for assistance.
C 273 A 29,Tool speed disagreement,A critical disagreement occurred within the safety system,a) Do a Complete rebooting sequence b) Update software c) Contact your local Universal Robots service provider for assistance.
C 273 A 30,Safety Mode Limit disagreement,A critical disagreement occurred within the safety system,a) Do a Complete rebooting sequence b) Update software c) Contact your local Universal Robots service provider for assistance.
C 273 A 31,Hand Protection Distance disagreement,A critical disagreement occurred within the safety system,a) Do a Complete rebooting sequence b) Update software c) Contact your local Universal Robots service provider for assistance.
C 273 A 32,Elbow Sphere speed disagreement,A critical disagreement occurred within the safety system,a) Do a Complete rebooting sequence b) Update software c) Contact your local Universal Robots service provider for assistance.
C 273 A 33,Momentum disagreement,A critical disagreement occurred within the safety system,a) Do a Complete rebooting sequence b) Update software c) Contact your local Universal Robots service provider for assistance.
C 273 A 34,Power disagree e ment,A critical disagreement occurred within the safety system,a) Do a Complete rebooting sequence b) Update software c) Contact your local Universal Robots service provider for assistance.
C 273 A 35,Elbow position disagreement,A critical disagreement occurred within the safety system,a) Do a Complete rebooting sequence b) Update software c) Contact your local Universal Robots service provider for assistance.
C 273 A 36,Work piece Rotation disagreement,A critical disagreement occurred within the safety system,a) Do a Complete rebooting sequence b) Update software c) Contact your local Universal Robots service provider for assistance.
C 273 A 37,Disagreement on Work piece Position,A critical disagreement occurred within the safety system,a) Do a Complete rebooting sequence b) Update software c) Contact your local Universal Robots service provider for assistance.
C 273 A 38,Disagreement on motor parameter (R_ pp),A critical disagreement occurred within the safety system,a) Do a Complete rebooting sequence b) Update software c) Contact your local Universal Robots service provider for assistance.
C 273 A 39,Disagreement on motor parameter (L_ pp),A critical disagreement occurred within the safety system,a) Do a Complete rebooting sequence b) Update software c) Contact your local Universal Robots service provider for assistance.
C 273 A 40,Disagreement on motor parameter (Kb),A critical disagreement occurred within the safety system,a) Do a Complete rebooting sequence b) Update software c) Contact your local Universal Robots service provider for assistance.
C 273 A 41,Disagreement on motor parameter (Kt),A critical disagreement occurred within the safety system,a) Do a Complete rebooting sequence b) Update software c) Contact your local Universal Robots service provider for assistance.
C 273 A 42,Disagreement on motor parameter (T),A critical disagreement occurred within the safety system,a) Do a Complete rebooting sequence b) Update software c) Contact your local Universal Robots service provider for assistance.
C 273 A 43,Disagreement on the Teach Pendant’s Three-Position Enabling Device,A critical disagreement occurred within the safety system,a) Do a Complete rebooting sequence b) Update software c) Contact your local Universal Robots service provider for assistance.
C 273 A 44,Disagreement on the active status of the Teach Pendant’s Three-Position Enabling Device,A critical disagreement occurred within the safety system,a) Do a Complete rebooting sequence b) Update software c) Contact your local Universal Robots service provider for assistance.
C 273 A 45,Cross monitoring,"Disagreement on user safety configuration version, major",a) Do a Complete rebooting sequence b) Update software c) Contact your local Universal Robots service provider for assistance.
C 273 A 46,Cross monitoring,"Disagreement user safety configuration version, minor",a) Do a Complete rebooting sequence b) Update software c) Contact your local Universal Robots service provider for assistance.
C 273 A 47,Disagreement on state,A critical disagreement occurred within the safety system,a) Do a Complete rebooting sequence b) Update software c) Contact your local Universal Robots service provider for assistance.
C 273 A 48,Disagreement on Injection-Molding- Machine-Interface Emergency Stop input,A critical disagreement occurred within the safety system,a) Do a Complete rebooting sequence b) Update software c) Contact your local Universal Robots service provider for assistance.
C 273 A 49,Disagreement on Injection-Molding- Machine-Interface Emergency Stop output,A critical disagreement occurred within the safety system,a) Do a Complete rebooting sequence b) Update software c) Contact your local Universal Robots service provider for assistance.
C 273 A 50,Disagreement on Injection-Molding- Machine-Interface Safeguard input,A critical disagreement occurred within the safety system,a) Do a Complete rebooting sequence b) Update software c) Contact your local Universal Robots service provider for assistance.
C 273 A 51,Disagreement on Injection-Molding- Machine-Interface type,A critical disagreement occurred within the safety system,a) Do a Complete rebooting sequence b) Update software c) Contact your local Universal Robots service provider for assistance.
C 273 A 52,Disagreement on Torque Parameters CRC,A critical disagreement occurred within the safety system,a) Do a Complete rebooting sequence b) Update software c) Contact your local Universal Robots service provider for assistance.
C 273 A 53,Target Torque disagreement,A critical disagreement occurred within the safety system,a) Do a Complete rebooting sequence b) Update software c) Contact your local Universal Robots service provider for assistance.
C 273 A 54,Cross monitoring,Disagreement on hardware configuration CRC,a) Do a Complete rebooting sequence b) Update software c) Contact your local Universal Robots service provider for assistance.
C 273 A 55,Cross monitoring,Disagreement on compensation current,a) Do a Complete rebooting sequence b) Update software c) Contact your local Universal Robots service provider for assistance.
C 273 A 56,Cross monitoring,Disagreement on external torque target,a) Do a Complete rebooting sequence b) Update software c) Contact your local Universal Robots service provider for assistance.
C 274 A 1,Control box fan error,Fan is not running,
C 274 A 2,Control box fan error,Monitoring data timed out,
C 274 A 3,Control box fan error,Check Fan speed,
C 275 A 0 to C 275 A 6,Brake release,,Check payload settings. Check for robot stuck.
C 276 A,Uart between microprocessor,,
C 276 A 0 to C 276 A 14,Critical error,A critical error occurred in the UART driver,a) Do a Complete rebooting sequence b) Update software c) Contact your local Universal Robots service provider for assistance.
C 277 A 1 to C 277 A 11,Memory,Memory allocation,Release some memory from the programs or check UR Cap or too much files in the robot
C 278 A,Servo in Joint A processor,,
C 278 A 0 to C 278 A 13,Critical error,A critical error occurred in the servo module,a) Do a Complete rebooting sequence b) Update software c) Contact your local Universal Robots service provider for assistance.
C 279 A,Flash in joint,,
C 279 A 0 to C 279 A 20,Critical error,A critical error occurred in the flash driver,a) Do a Complete rebooting sequence b) Update software c) Contact your local Universal Robots service provider for assistance.
C 280 A,Real-time error,,
C 280 A 0 to C 280 A 9,Critical error,A critical real-time error occurred,a) Do a Complete rebooting sequence b) Update software c) Check communication between joints d) Contact your local Universal Robots service provider for assistance.
C 281 A,Robot State Machine,,
C 281 A 0,Critical error,A critical State Machine error occurred,a) Do a Complete rebooting sequence b) Update software c) Contact your local Universal Robots service provider for assistance.
C 281 A 1,Robot State Machine,An invalid transition occurred in the code,a) Do a Complete rebooting sequence b) Update software c) Contact your local Universal Robots service provider for assistance.
C 281 A 2,Robot State Machine,An invalid Robot State occured,a) Do a Complete rebooting sequence b) Update software c) Contact your local Universal Robots service provider for assistance.
C 281 A 3,Joint entered the Fault State,,a) Do a Complete rebooting sequence b) Update software c) Contact your local Universal Robots service provider for assistance.
C 281 A 4,Joint entered the Violation State,,a) Do a Complete rebooting sequence b) Update software c) Contact your local Universal Robots service provider for assistance.
C 281 A 5,Robot State Machine,"Shutdown took too long, check robot voltage",a) Do a Complete rebooting sequence b) Update software c) Contact your local Universal Robots service provider for assistance.
C 281 A 6,Robot State Machine,Moved to a nun handled state,a) Do a Complete rebooting sequence b) Update software c) Contact your local Universal Robots service provider for assistance.
C 281 A 7,Teach Pendant entered the Fault State,,a) Do a Complete rebooting sequence b) Update software c) Contact your local Universal Robots service provider for assistance.
C 281 A 8,Teach Pendant entered the Violation State,,a) Do a Complete rebooting sequence b) Update software c) Contact your local Universal Robots service provider for assistance.
C 281 A 9,Joint moved too far before robot entered RUNNING State,A Joint moved more than the permissible range during the Brake Release procedure.,"a) Do a Complete rebooting sequence b) Ensure the mounted payload, TCP and Co G matches your configuration. c) Update software d) Contact your local Universal Robots service provider for assistance."
C 281 A 10,Robot State Machine,Failed to power on the Robot arm,"a) Do a Complete rebooting sequence b) Ensure the mounted payload, TCP and Co G matches your configuration. c) Update software d) Contact your local Universal Robots service provider for assistance."
C 281 A 11,Robot State Machine,Caused by specified joint,"a) Do a Complete rebooting sequence b) Ensure the mounted payload, TCP and Co G matches your configuration. c) Update software d) Contact your local Universal Robots service provider for assistance."
C 281 A 12,Robot State Machine,Caused by specified state,"a) Do a Complete rebooting sequence b) Ensure the mounted payload, TCP and Co G matches your configuration. c) Update software d) Contact your local Universal Robots service provider for assistance."
C 281 A 13,Robot State Machine,Check aggregate joint mode status,"a) Do a Complete rebooting sequence b) Ensure the mounted payload, TCP and Co G matches your configuration. c) Update software d) Contact your local Universal Robots service provider for assistance."
C 281 A 14,IM MI entered the Fault State,,a) Do a Complete rebooting sequence b) Update software c) Contact your local Universal Robots service provider for assistance.
C 281 A 15,IM MI entered the Violation State,,a) Do a Complete rebooting sequence b) Update software c) Contact your local Universal Robots service provider for assistance.
C 282 A 1,Sy stick,Sy stick Sync: So C frequency synchronization started,a) Do a Complete rebooting sequence b) Update software c) Contact your local Universal Robots service provider for assistance.
C 282 A 2,Sy stick,"Sy stick Sync: So C frequency synchronization in progress, sample number xof 16 unexpected",a) Do a Complete rebooting sequence b) Update software c) Contact your local Universal Robots service provider for assistance.
C 282 A 3,Sy stick,"Sy stick Sync: So C frequency synchronization in progress, received'So C period' unexpected sample",a) Do a Complete rebooting sequence b) Update software c) Contact your local Universal Robots service provider for assistance.
C 282 A 4,Sy stick,"Sy stick Sync: So C frequency synchronization in progress, received'So C IS R Latency' unexpected sample",a) Do a Complete rebooting sequence b) Update software c) Contact your local Universal Robots service provider for assistance.
C 282 A 5,Sy stick,Sy stick Sync: unexpected So C period,a) Do a Complete rebooting sequence b) Update software c) Contact your local Universal Robots service provider for assistance.
C 282 A 6,Sy stick,Sy stick Sync: unexpected S ys Tick timer LOAD value [cpu-clock-cycles],a) Do a Complete rebooting sequence b) Update software c) Contact your local Universal Robots service provider for assistance.
C 282 A 7,Sy stick,Sy stick Sync: So C frequency synchronization finished,a) Do a Complete rebooting sequence b) Update software c) Contact your local Universal Robots service provider for assistance.
C 282 A 8,Sy stick,Sy stick Sync: So C Phase synchronization started,a) Do a Complete rebooting sequence b) Update software c) Contact your local Universal Robots service provider for assistance.
C 282 A 9,Sy stick,Sy stick Sync: So C Phase error,a) Do a Complete rebooting sequence b) Update software c) Contact your local Universal Robots service provider for assistance.
C 282 A 10,Sy stick,Sy stick Sync: unexpected estimated Sy stick counter value at So C,a) Do a Complete rebooting sequence b) Update software c) Contact your local Universal Robots service provider for assistance.
C 282 A 11,Sy stick,Sy stick Sync: unexpected estimated Sy stick counter ticks to next So C,a) Do a Complete rebooting sequence b) Update software c) Contact your local Universal Robots service provider for assistance.
C 282 A 12,Sy stick,Sy stick Sync: So C Phase synchronization finished,a) Do a Complete rebooting sequence b) Update software c) Contact your local Universal Robots service provider for assistance.
C 282 A 13,Sy stick,The internal So C count value has been re synchronized with the FPGA So C count.,a) Do a Complete rebooting sequence b) Update software c) Contact your local Universal Robots service provider for assistance.
C 282 A 14,Sy stick,SOC status data failed to update in a timely manner,a) Do a Complete rebooting sequence b) Update software c) Contact your local Universal Robots service provider for assistance.
C 283 A,Safety system,,
C 283 A 0,Critical error,A critical error occurred in the safety system,a) Do a Complete rebooting sequence b) Update software c) Contact your local Universal Robots service provider for assistance.
C 283 A 1,Robot is not braking when in Stop Mode,,
C 283 A 2,Robot is moving when in Stop Mode,,
C 283 A 3,Power not removed from the motors while in Emergency Stop,,
C 283 A 4,Failed to power on the Robot arm,,
C 283 A 5,Invalid pin- configuration received,,
C 283 A 6,Trying to reassign pin configuration with specified configuration,,
C 283 A 7,Joint exceeded the velocity limit,,
C 283 A 8,The System Emergency Stop Output is not active,Failed to activate the System Emergency Stop Output. The output is active when voltage is low,a) Make sure output is not short circuited to a power supply
C 283 A 9,System Emergency Stop Output disagreement within the safety system,The input signals are not switching simultaneously or are incorrectly connected.,a) Ensure both inputs are properly connected b) Contact your local Universal Robots service provider for assistance.
C 283 A 10,Robot Emergency Stop Input disagreement within the safety system,The input signals are not switching simultaneously or are incorrectly connected.,a) Ensure both inputs are properly connected b) Contact your local Universal Robots service provider for assistance.
C 283 A 11,System Emergency Stop Input disagreement within the safety system,The input signals are not switching simultaneously or are incorrectly connected.,a) Ensure both inputs are properly connected b) Contact your local Universal Robots service provider for assistance.
C 283 A 12,Safeguard Stop Input disagreement within the safety system,The input signals are not switching simultaneously or are incorrectly connected.,a) Ensure both inputs are properly connected b) Contact your local Universal Robots service provider for assistance.
C 283 A 13,Safeguard Reset Input disagreement within the safety system,The input signals are not switching simultaneously or are incorrectly connected.,a) Ensure both inputs are properly connected b) Contact your local Universal Robots service provider for assistance.
C 283 A 14,Operation Mode input disagreement within the safety system.,The input signals are not switching simultaneously or are incorrectly connected.,a) Ensure both inputs are properly connected b) Contact your local Universal Robots service provider for assistance.
C 283 A 15,Three-Positional Enabling Device Input disagreement within the safety system,The input signals are not switching simultaneously or are incorrectly connected.,a) Ensure both inputs are properly connected b) Contact your local Universal Robots service provider for assistance.
C 283 A 16,Safety system,Operation Mode Switch is defined and no Three- Positional Device is defined.,a) Ensure both inputs are properly connected b) Contact your local Universal Robots service provider for assistance.
C 283 A 17,Lost several Teach Pendant safety packages in a row,,a) Check that the teach pendant is proper connected b) Do a Complete rebooting sequence c) Update software c) Contact your local Universal Robots service provider for assistance.
C 283 A 18,Lost too many Joint safety packages in a row.,,a) Check that the joints are proper connected b) Do a Complete rebooting sequence c) Update software c) Contact your local Universal Robots service provider for assistance.
C 283 A 19,Safety system,Incorrect gravity vector sent from the controller,a) Check that the joints are proper connected b) Do a Complete rebooting sequence c) Update software c) Contact your local Universal Robots service provider for assistance.
C 283 A 20,Safety system,Wrong payload mass sent from the controller,a) Check that the joints are proper connected b) Do a Complete rebooting sequence c) Update software c) Contact your local Universal Robots service provider for assistance.
C 283 A 21,Safety system,Wrong payload center of gravity sent from the controller,a) Check that the joints are proper connected b) Do a Complete rebooting sequence c) Update software c) Contact your local Universal Robots service provider for assistance.
C 283 A 22,Teach Pendant is connected while it is disabled in robot configuration,"If the Teach Pendant is enabled, it is connected. If it is disabled, it is not connected.",Disconnect the Teach Pendant or enable it in the configuration.
C 283 A 23,Safety system,Lost several safety packages in a row from other safety processor,a) Do a Complete rebooting sequence b) Update software c) Contact your local Universal Robots service provider for assistance.
C 283 A 24,Safety system,Got several safety packages too early in a row from other safety processor,a) Do a Complete rebooting sequence b) Update software c) Contact your local Universal Robots service provider for assistance.
C 283 A 25,Safety system,Got a ready message from an unexpected source,a) Do a Complete rebooting sequence b) Update software c) Contact your local Universal Robots service provider for assistance.
C 283 A 26,Force limitation: exceeded torque window,,"a) Ensure the mounted payload, TCP and Co G matches your configuration. b) Slowdown movements c) Contact your local Universal Robots service provider for assistance."
C 283 A 27,Mismatch on Robot Configuration CRC between the safety system and Poly Scope,,a) Do a Complete rebooting sequence b) Update software c) Contact your local Universal Robots service provider for assistance.
C 283 A 28,Mismatch on User Configuration CRC between the safety system and Poly Scope,,a) Do a Complete rebooting sequence b) Make new.installation c) Update software d) Contact your local Universal Robots service provider for assistance.
C 283 A 29,Safety system,Trying to reapply a part of the User Configuraton.,a) Do a Complete rebooting sequence b) Update software c) Contact your local Universal Robots service provider for assistance.
C 283 A 30,Safety system,"Trying to reapply a part of the Robot Configuraton,",a) Do a Complete rebooting sequence b) Update software c) Contact your local Universal Robots service provider for assistance.
C 283 A 31,Safety system,Trying to reapply normal limits,a) Do a Complete rebooting sequence b) Update software c) Contact your local Universal Robots service provider for assistance.
C 283 A 32,Safety system,Trying to reapply reduced limits,a) Do a Complete rebooting sequence b) Update software c) Contact your local Universal Robots service provider for assistance.
C 283 A 33,Safety system,Trying to reapply safety CRC,a) Do a Complete rebooting sequence b) Update software c) Contact your local Universal Robots service provider for assistance.
C 283 A 34,Error while trying to apply safety configuration,,a) Do a Complete rebooting sequence b) Update software c) Contact your local Universal Robots service provider for assistance.
C 283 A 35,Reduced Mode Output disagreement within the safety system,,a) Do a Complete rebooting sequence b) Update software c) Contact your local Universal Robots service provider for assistance.
C 283 A 36,Not Reduced Mode Output disagreement within the safety system,,a) Do a Complete rebooting sequence b) Update software c) Contact your local Universal Robots service provider for assistance.
C 283 A 37,Robot Moving Output disagreement within the safety system,,a) Do a Complete rebooting sequence b) Update software c) Contact your local Universal Robots service provider for assistance.
C 283 A 38,Robot Not Stopping Output disagreement within the safety system,,a) Do a Complete rebooting sequence b) Update software c) Contact your local Universal Robots service provider for assistance.
C 283 A 39,Safety system,Several safety packages were received too late from the S CB processor,a) Do a Complete rebooting sequence b) Update software c) Contact your local Universal Robots service provider for assistance.
C 283 A 40,Reduced Mode Input disagreement within the safety systems,The input signals are not switching simultaneously or are incorrectly connected.,a) Ensure both inputs are correctly connected. b) Contact your local Universal Robots service provider for assistance.
C 283 A 41,TCP Velocity violates limits of maximum stopping time,,"a) Ensure the mounted payload, TCP and Co G matches your configuration. b) Slowdown movements c) Check safety setting d) Contact your local Universal Robots service provider for assistance."
C 283 A 42,TCP Velocity violates limits of maximum stopping distance,,"a) Ensure the mounted payload, TCP and Co G matches your configuration. b) Slowdown movements c) Check safety setting d) Contact your local Universal Robots service provider for assistance."
C 283 A 43,Joint moved too quickly toward a Joint position limit,,"a) Ensure the mounted payload, TCP and Co G matches your configuration. b) Slowdown movements c) Check safety setting d) Contact your local Universal Robots service provider for assistance."
C 283 A 44,The tool moved too fast towards an orientation limit,,"a) Ensure the mounted payload, TCP and Co G matches your configuration. b) Slowdown movements c) Check safety setting d) Contact your local Universal Robots service provider for assistance."
C 283 A 45,The Elbow moved too fast towards a safety plane,,"a) Ensure the mounted payload, TCP and Co G matches your configuration. b) Slowdown movements c) Check safety setting d) Contact your local Universal Robots service provider for assistance."
C 283 A 46,The tool moved too fast towards a safety plane,,"a) Ensure the mounted payload, TCP and Co G matches your configuration. b) Slowdown movements c) Check safety setting d) Contact your local Universal Robots service provider for assistance."
C 283 A 47,Joint position limit exceeded,,"a) Ensure the mounted payload, TCP and Co G matches your configuration. b) Slowdown movements c) Check safety setting d) Contact your local Universal Robots service provider for assistance."
C 283 A 48,Tool position limit exceeded,,"a) Ensure the mounted payload, TCP and Co G matches your configuration. b) Slowdown movements c) Check safety setting d) Contact your local Universal Robots service provider for assistance."
C 283 A 49,Tool orientation limit exceeded,,"a) Ensure the mounted payload, TCP and Co G matches your configuration. b) Slowdown movements c) Check safety setting d) Contact your local Universal Robots service provider for assistance."
C 283 A 50,Elbow position limit exceeded,,"a) Ensure the mounted payload, TCP and Co G matches your configuration. b) Slowdown movements c) Check safety setting d) Contact your local Universal Robots service provider for assistance."
C 283 A 51,Tool moved with a speed which exceeds the speed limit,,"a) Ensure the mounted payload, TCP and Co G matches your configuration. b) Slowdown movements c) Check safety setting d) Contact your local Universal Robots service provider for assistance."
C 283 A 52,Elbow moved with a speed of which exceeds the speed limit,,"a) Ensure the mounted payload, TCP and Co G matches your configuration. b) Slowdown movements c) Check safety setting d) Contact your local Universal Robots service provider for assistance."
C 283 A 53,Maximum Tool Center Point Speed in Reduced Mode is invalid,,Ensure the Reduced Mode Limit is less than or equal to the Normal Mode limit.
C 283 A 54,Maximum Elbow Speed in Reduced Mode is invalid,,Ensure the Reduced Mode limit is less than or equal to the Normal Mode Limit.
C 283 A 55,Maximum Joint Speed of a specified joint in Reduced Mode is invalid,,Ensure the Reduced Mode Limit is less than or equal to the Normal Mode Limit.
C 283 A 56,Maximum Momentum in Reduced Mode is invalid,,Ensure the Reduced Mode Limit is less than or equal to the Normal Mode Limit.
C 283 A 57,Maximum stopping time in Reduced Mode is invalid,,Ensure the Reduced Mode Limit is less than or equal to the Normal Mode Limit.
C 283 A 58,Maximum stopping distance in Reduced Mode is invalid,,Ensure the Reduced Mode Limit is less than or equal to the Normal Mode Limit.
C 283 A 59,Reduced Mode Output is not active,Failed to activate the Reduced Mode Output. The output is active when voltage is low,Make sure output is not short circuited to a power supply
C 283 A 60,Reduced Mode Output is not inactive,Failed to deactivate the Reduced Mode Output. The output is inactive when voltage is high,Make sure output is not short circuited to ground
C 283 A 61,Not Reduced Mode Output is not active,Failed to activate the Not Reduced Mode Output. The output is active when voltage is low,Make sure output is not short circuited to a power supply
C 283 A 62,Not Reduced Mode Output is not inactive,Failed to deactivate the Not Reduced Mode Output. The output is inactive when voltage is high,Make sure output is not short circuited to ground
C 283 A 63,Robot is moving while Robot Moving Output is not active,Failed to activate the Robot Moving Output. The output is active when voltage is low,Make sure output is not short circuited to a power supply
C 283 A 64,Tool Direction Vector Length for Normal Mode is not 1.0,,Reconfigure Tool orientation
C 283 A 65,Tool Direction Vector Length for Reduced Mode is not 1.0,,Reconfigure Tool orientation
C 283 A 66,Robot Momentum exceeds the Momentum limit,,
C 283 A 67,Robot Power exceeds the Power limit,,
C 283 A 68,Error caused by a specified joint,A critical safety error,a) Do a Complete rebooting sequence b) Update software c) Contact your local Universal Robots service provider for assistance.
C 283 A 69,Safety system,Float value,
C 283 A 70,Safety system,Unsigned value,
C 283 A 71,Safety system,Safety is disabled but the app type is not MAIN-NS (No Safety),
C 283 A 73,Safe Home Position Output disagreement within the safety system,,Review your home position
C 283 A 74,The Safe Home Position Output is active while not allowed,The Safe Home Position Output is active while the robot is not in Safe Home Position,Make sure output is not short circuited to power supply or ground
C 283 A 75,Safety system,The user config versions received differ,
C 283 A 76,Safety system,Controller reported a fault,
C 283 A 77,Safety system,The user config versions is higher than supported,
C 283 A 78,Safety system,The user config versions is lower than supported,
C 283 A 79,Safety system,Safe home position out of range,
C 283 A 80,Safety system,Force limit calculation got an unsupported joint size,
C 283 A 81,The robot configuration specifies an unsupported joint size,The safety system is not certified to work with the specified joint size,Upgrade to a newer software version
C 283 A 82,The connected Teach Pendant type does not match the configuration,The connected Teach Pendant is not the same type as the one selected in the safety configuration,a) Check that the Teach Pendant is properly connected and matches the one in the safety configuration b) Conduct a complete re booting sequence c) Update software d) Contact your local Universal Robots technical support
C 283 A 83,The configured Teach Pendant has no Three-Positional Enabling Device,"The safety configuration enables the Teach Pendant’s Three-Positional Enabling Device, but the configured Teach Pendant does not have a Three- Positional Enabling Device",a) Check that the correct Teach Pendant is selected in the safety configuration b) Conduct a complete re booting sequence c) Update software d) Contact your local Universal Robots technical support
C 283 A 84,Safety system,Received an invalid Teach Pendant type in the user configuration,
C 283 A 85,Automatic Safeguard Stop Input disagreement within the safety system,"The input signals are not switching simultaneously, or are incorrectly connected",a) Ensure both inputs are properly connected b) Contact your local Universal Robots service provider for assistance
C 283 A 86,Automatic Safeguard Reset Input disagreement within the safety system,"The input signals are not switching simultaneously, or are incorrectly connected",a) Ensure both inputs are properly connected b) Contact your local Universal Robots service provider for assistance
C 283 A 87,Injection-Molding- Machine-Interface is connected while it is disabled in the robot configuration,"If the Injection-Molding- Machine-Interface is enabled, it must be connected. If it is disabled, it must be disconnected",Disconnect the Injection- Molding-Machine-Interface or enable it in the configuration
C 283 A 88,Lost more than allowed Injection- Molding-Machine- Interface safety packages in a row,,a) Check that the Injection- Molding-Machine-Interface is properly connected b) Conduct a complete re booting sequence c) Update software d) Contact your local Universal Robots service provider for assistance
C 283 A 89,The connected Injection-Molding- Machine-Interface type does not match the configuration,The connected Injection- Molding-Machine-Interface is not the same type as the one selected in the safety configuration,a) Check that the Injection- Molding-Machine-Interface is properly connected and matches the one in the safety configuration b) Conduct a complete re booting sequence c) Update software d) Contact your local Universal Robots service provider for assistance
C 283 A 90,Invalid Injection- Molding-Machine- Interface type in the user configuration,The configuration provided by the user safety configuration is invalid,a) Ensure the correct IM MI type is selected in the Safety Configuration b) Conduct a complete re booting sequence c) Update software d) Contact your local Universal Robots service provider for assistance
C 283 A 91,The Injection- Molding-Machine- Interface System Emergency Stop Output is not active,Failed to activate the System Emergency Stop Output on the Injection- Molding-Machine-Interface. The output is active when voltage is high,Make sure output is not short circuited to ground
C 283 A 92,Safety system,Target torque is outside the allowed range,
C 283 A 93,Safety system,Sanity check of target torque is outside the allowed range,
C 283 A 94,Automatic Safeguard Stop input is configured but no Three-Position Enabling device is configured,,a) Ensure that a Three- Positional Device is enabled in the Safety Configuration b) Conduct a complete re booting sequence c) Update software d) Contact your local Universal Robots service provider for assistance
C 283 A 95,IO Data has not been updated before latching it,,
C 283 A 96,Received an invalid IM MI type in the user configuration,,
C 283 A 97,Safety system,The payload inertia diagonal sent from the controller must be non-negative,
C 283 A 98,Safety system,The payload inertia sent from the controller must be with invalid range,
C 283 A 99,Safety system,Received an invalid value as part of the runtime safety configuration,
C 284 A,Brake Release,,
C 284 A 0 to C 284 A 20,Critical error,A critical error occurred during Brake Release,"a) Conduct a complete re booting sequence b) Ensure the mounted payload, TCP, and Co G matches your configuration c) Check if there is no interference with the joints d) Contact your local Universal Robots service provider for assistance"
C 285 A,Joint Keep-Alive System,,
C 285 A 0 to C 285 A 15,Critical error,A critical error occurred in the Joint Keep-Alive System,a) Do a Complete rebooting sequence b) Update software c) Contact your local Universal Robots service provider for assistance.
C 286 A,Motor Controller,,
C 286 A 1 to C 286 A 2,ME Index seen and PW M margin too small,,
C 287 A,Saved files in tool,,
C 287 A 0 to C 287 A 3,Critical error,A critical error occurred during file loading/saving,a) Do a Complete rebooting sequence b) Update software c) Contact your local Universal Robots service provider for assistance.
C 288 A,IO Control,,
C 288 A 1 to C 288 A 3,Wrong control mode,,Check for configuration under installation window
C 289 A,Tool Connector,,
C 289 A 1,Short circuit detected on Digital Output: high side,Tool Digital Output pin has been turned off due to either a short-circuit or an overload was detected.,Check connections to make sure Tool Digital Output currents are within specified limits.
C 289 A 2,Short circuit detected on Digital Output: low side,Tool Digital Output pin has been turned off due to either a short-circuit or an overload was detected.,Check connections to make sure Tool Digital Output currents are within specified limits.
C 289 A 4,10 second Average tool IO Current is outside of the allowed range.,The average current sum of the Tool Connector Power and Digital Output pins is outside of the allowed range.,Check connections to make sure tool Digital Output currents are within specified limits.
C 289 A 5,Unable to remove tool Digital Output fault.,"Unable to remove the overload on tool Digital Output, therefore the robot powered down.",Check connections to make sure the Tool Digital Output currents are within specified limits.
C 289 A 6,Current on the POWER pin is outside of the allowed range.,Too high current on tool connector power pin,Check connections to make sure the Tool Digital Output currents are within specified limits.
C 289 A 7,Current on the Digital Output pins is outside of the allowed range.,Too high current on tool connector Digital Output pins.,Check connections to make sure the Tool Digital Output currents are within specified limits.
C 289 A 8,Current on the ground pin is outside of the allowed range.,Too high current on tool ground pin,Check connections to make sure the Tool Digital Output currents are within specified limits.
C 289 A 9,Maximum current on the POWER pin is outside of the allowed range,Too high current on tool power pin,Check connections to make sure the Tool Digital Output currents are within specified limits.
C 290 A 1,I 2 C,The I 2 C bus was busy too long,
C 290 A 2,I 2 C,Function called too early after last call or the slave chip did not answer,
C 290 A 3,I 2 C,A peripheral unit has set the alert pin,
C 290 A 4,I 2 C,Communication time out detected,
C 290 A 6,I 2 C,An error was detected in the i 2 c acknowledge handshake,
C 290 A 7,I 2 C,I 2 C detected arbitration loss,
C 290 A 8,I 2 C,I 2 C detected error on the I 2 C-bus,
C 290 A 9,I 2 C,I 2 C error interrupt called with un handled error-flag,
C 290 A 10,I 2 C,"I 2 C peripheral issue, several un handled events",
C 291 A 1,EEPROM,Addressed data is out of memory bounds,
C 291 A 2,EEPROM,I 2 C communication error,
C 291 A 3,EEPROM,Write to EEPROM failed,
C 291 A 4,EEPROM,Read from EEPROM failed,
C 291 A 5,EEPROM,Verification of written data failed,
C 291 A 6,EEPROM,Difference in data when comparing the source and the data written,
C 291 A 7,EEPROM,Writing of a page in EEPROM failed,
C 292 A,Online RAM test,,
C 292 A 0 to C 292 A 15,Critical error,A critical error occurred during RAM test,a) Do a Complete rebooting sequence b) Update software c) Contact your local Universal Robots service provider for assistance.
C 293 A,Exception caught,,
C 293 A 1 to C 293 A 30,Unexpected exception/interrupt,,a) Do a Complete rebooting sequence b) Update software
C 294 A,ADC,Analog to Digital converter,a) Do a Complete rebooting sequence b) Update software c) Contact your local Universal Robots service provider for assistance.
C 294 A 0 to C 294 A 9,Critical error,A critical error occurred in the ADC driver,a) Do a Complete rebooting sequence b) Update software c) Contact your local Universal Robots service provider for assistance.
C 295 A,PCB,Wrong PCB type. Likely a hardware error.,a) Do a Complete rebooting sequence b) Update software c) Contact your local Universal Robots service provider for assistance.
C 295 A 0,Wrong PCB type,The printed circuit board is wrong,a) Do a Complete rebooting sequence b) Update software c) Contact your local Universal Robots service provider for assistance.
C 297 A 1,Joint validation,Received Node ID from an unexpected device,
C 297 A 2,Joint validation,Received Node ID an unexpected node,
C 297 A 3,Joint validation,Joint processors disagree on Joint Size,
C 297 A 4,Joint validation,Joints disagree with configuration on Joint Size,
C 297 A 5,Joint validation,Found Joint disabled in configuration,
C 297 A 7,Joint validation,Node ID differs from the stored ID.,
C 297 A 8,Joint validation,Invalid robot configuration,
C 297 A 10,Joint validation,Timeout while waiting for Node IDs,
C 298 A,Hand protection,,
C 298 A 0,Tool is too close to the lower arm,The tool is too close to the lower Robot arm,a) Check wrist position. b) Verify mounting c) Do a Complete rebooting sequence d) Update software e) Contact your local Universal Robots service provider for assistance
C 299 A,Tool communication,,
C 299 A 0,Communication error detected,A problem with the Tool communication was detected.,a) Do a Complete rebooting sequence b) Update software c) Contact your local Universal Robots service provider for assistance.
C 299 A 1,Tool communication,TX buffer overflow,
C 299 A 2,Tool communication,New message started unexpectedly,
C 299 A 3,R X framing error,Framing error detected on received data,a) Check external equipment connection b) Verify the communication configuration matches the hardware. c) Do a Complete rebooting sequence d) Update software e) Contact your local Universal Robots service provider for assistance
C 299 A 4,R X Parity error,Parity error detected on received data,a) Check external equipment connection b) Verify the communication configuration matches the hardware. c) Do a Complete rebooting sequence d) Update software e) Contact your local Universal Robots service provider for assistance
C 299 A 5,Tool communication,R X buffer overflow.,
C 300 A 1,Safety message,Safety message received from an unexpected node.,
C 300 A 2,Safety message,Safety message response received with an unexpected sequence number.,
C 300 A 3,Safety message,Duplicate safety message response received with sequence number.,
C 301 A,Safety message monitor,Safety processors does not agree.,a) Do a Complete rebooting sequence b) Update software c) Contact your local Universal Robots service provider for assistance
C 301 A 0,Critical error,A critical error occurred in safety message monitoring,a) Do a Complete rebooting sequence b) Update software c) Contact your local Universal Robots service provider for assistance.
C 301 A 2,Safety message monitor,Mode data mismatch,a) Do a Complete rebooting sequence b) Update software c) Contact your local Universal Robots service provider for assistance.
C 301 A 3,Safety message monitor,Position data mismatch,a) Do a Complete rebooting sequence b) Update software c) Contact your local Universal Robots service provider for assistance.
C 301 A 4,Safety message monitor,Revolution data mismatch,a) Do a Complete rebooting sequence b) Update software c) Contact your local Universal Robots service provider for assistance.
C 301 A 5,Safety message monitor,Temperature data mismatch,a) Do a Complete rebooting sequence b) Update software c) Contact your local Universal Robots service provider for assistance.
C 301 A 6,Safety message monitor,Torque data mismatch,a) Do a Complete rebooting sequence b) Update software c) Contact your local Universal Robots service provider for assistance.
C 301 A 7,Safety message monitor,Velocity data mismatch,a) Do a Complete rebooting sequence b) Update software c) Contact your local Universal Robots service provider for assistance.
C 301 A 8,Safety message monitor,Input state data disagreement,a) Do a Complete rebooting sequence b) Update software c) Contact your local Universal Robots service provider for assistance.
C 301 A 10,Safety message monitor,Safety monitor: Don't have the correspondingx-mon data,a) Do a Complete rebooting sequence b) Update software c) Contact your local Universal Robots service provider for assistance.
C 301 A 12,Safety message monitor,Target current data mismatch,a) Do a Complete rebooting sequence b) Update software c) Contact your local Universal Robots service provider for assistance.
C 301 A 14,Safety message monitor,Target Velocity data mismatch,a) Do a Complete rebooting sequence b) Update software c) Contact your local Universal Robots service provider for assistance.
C 301 A 15,Safety message monitor,Target Acceleration data mismatch,a) Do a Complete rebooting sequence b) Update software c) Contact your local Universal Robots service provider for assistance.
C 301 A 16,Safety message monitor,Issue with setting up the UART mon R X address in TP,a) Do a Complete rebooting sequence b) Update software c) Contact your local Universal Robots service provider for assistance.
C 301 A 17,Safety message monitor,Issue with setting up the UART mon R XC IT ER register in TP,a) Do a Complete rebooting sequence b) Update software c) Contact your local Universal Robots service provider for assistance.
C 301 A 18,Safety message monitor,Issue with setting up the UART mon RXB IT ER register in TP,a) Do a Complete rebooting sequence b) Update software c) Contact your local Universal Robots service provider for assistance.
C 301 A 19,Safety message monitor,"Issue with setting up the MK 02 UART TX, address is incorrect",a) Do a Complete rebooting sequence b) Update software c) Contact your local Universal Robots service provider for assistance.
C 301 A 20,Safety message monitor,"Issue with setting up the MK 02 UART TX, CITE R REG is incorrect",a) Do a Complete rebooting sequence b) Update software c) Contact your local Universal Robots service provider for assistance.
C 301 A 21,Safety message monitor,"Issue with setting up the MK 02 UART TX, BITER REG is incorrect",a) Do a Complete rebooting sequence b) Update software c) Contact your local Universal Robots service provider for assistance.
C 301 A 25,Safety message monitor,Node u A's communication to S CB disabled,a) Do a Complete rebooting sequence b) Update software c) Contact your local Universal Robots service provider for assistance.
C 301 A 26,Safety message monitor,Motor parameter (R_pp) data mismatch,a) Do a Complete rebooting sequence b) Update software c) Contact your local Universal Robots service provider for assistance.
C 301 A 27,Safety message monitor,Motor parameter (L_pp) data mismatch,a) Do a Complete rebooting sequence b) Update software c) Contact your local Universal Robots service provider for assistance.
C 301 A 28,Safety message monitor,Motor parameter (Kb) data mismatch,a) Do a Complete rebooting sequence b) Update software c) Contact your local Universal Robots service provider for assistance.
C 301 A 29,Safety message monitor,Motor parameter (Kt) data mismatch,a) Do a Complete rebooting sequence b) Update software c) Contact your local Universal Robots service provider for assistance.
C 301 A 30,Safety message monitor,Motor parameter (T) data mismatch,a) Do a Complete rebooting sequence b) Update software c) Contact your local Universal Robots service provider for assistance.
C 301 A 31,Safety message monitor,Safety Message was not received,a) Do a Complete rebooting sequence b) Update software c) Contact your local Universal Robots service provider for assistance.
C 301 A 32,Safety message monitor,Function indicating if we should monitor data is not configured,a) Do a Complete rebooting sequence b) Update software c) Contact your local Universal Robots service provider for assistance.
C 301 A 33,Safety message monitor,Function to parse messages is not configured,a) Do a Complete rebooting sequence b) Update software c) Contact your local Universal Robots service provider for assistance.
C 301 A 34,Safety message monitor,Function to handle messages is not configured,a) Do a Complete rebooting sequence b) Update software c) Contact your local Universal Robots service provider for assistance.
C 301 A 35,Safety message monitor,Function to handle disable communication requests is not configured,a) Do a Complete rebooting sequence b) Update software c) Contact your local Universal Robots service provider for assistance.
C 301 A 36,Safety message monitor,IM MI Safety IOe stop input mismatch,a) Do a Complete rebooting sequence b) Update software c) Contact your local Universal Robots service provider for assistance.
C 301 A 37,Safety message monitor,IM MI Safety IOe stop output mismatch,a) Do a Complete rebooting sequence b) Update software c) Contact your local Universal Robots service provider for assistance.
C 301 A 38,Safety message monitor,IM MI Safety IO safeguard input mismatch,a) Do a Complete rebooting sequence b) Update software c) Contact your local Universal Robots service provider for assistance.
C 301 A 39,Safety message monitor,Target torque data mismatch,a) Do a Complete rebooting sequence b) Update software c) Contact your local Universal Robots service provider for assistance.
C 301 A 40,Safety message monitor,compensation current mismatch,a) Do a Complete rebooting sequence b) Update software c) Contact your local Universal Robots service provider for assistance.
C 302 A,Tool configuration,,Please check your configuration on the installation tab
C 302 A 1,Invalid Robot Type,The tool received an invalid robot type,a) Do a Complete rebooting sequence b) Update software c) Contact your local Universal Robots service provider for assistance
C 303 A,System status,,a) Do a Complete rebooting sequence b) Update software c) Contact your local Universal Robots service provider for assistance
C 303 A 0,Critical error,A critical system error occurred,a) Do a Complete rebooting sequence b) Update software c) Contact your local Universal Robots service provider for assistance
C 303 A 1,System status,Starting up,a) Do a Complete rebooting sequence b) Update software c) Contact your local Universal Robots service provider for assistance
C 303 A 2,System status,Shutting down,a) Do a Complete rebooting sequence b) Update software c) Contact your local Universal Robots service provider for assistance
C 303 A 3,System status,Reset caused by unknown reasons,a) Do a Complete rebooting sequence b) Update software c) Contact your local Universal Robots service provider for assistance
C 303 A 4,System status,Reset caused by power loss,a) Do a Complete rebooting sequence b) Update software c) Contact your local Universal Robots service provider for assistance
C 303 A 5,System status,Reset caused by window watchdog,a) Do a Complete rebooting sequence b) Update software c) Contact your local Universal Robots service provider for assistance
C 303 A 6,System status,Reset caused by independent watchdog,a) Do a Complete rebooting sequence b) Update software c) Contact your local Universal Robots service provider for assistance
C 303 A 7,System status,Reset caused by software,a) Do a Complete rebooting sequence b) Update software c) Contact your local Universal Robots service provider for assistance
C 303 A 8,System status,Reset caused by power on,a) Do a Complete rebooting sequence b) Update software c) Contact your local Universal Robots service provider for assistance
C 303 A 9,System status,Reset caused by reset pin,a) Do a Complete rebooting sequence b) Update software c) Contact your local Universal Robots service provider for assistance
C 303 A 10,System status,Reset caused by brownout,a) Do a Complete rebooting sequence b) Update software c) Contact your local Universal Robots service provider for assistance
C 303 A 11,System status,Reset caused by a loss of lock in the P LL,a) Do a Complete rebooting sequence b) Update software c) Contact your local Universal Robots service provider for assistance
C 303 A 12,System status,Reset caused by a loss of external clock.,a) Do a Complete rebooting sequence b) Update software c) Contact your local Universal Robots service provider for assistance
C 303 A 13,System status,Reset caused by LL WU module wake up source,a) Do a Complete rebooting sequence b) Update software c) Contact your local Universal Robots service provider for assistance
C 303 A 14,System status,Reset caused by peripheral failure to acknowledge attempt to enter Stop Mode,a) Do a Complete rebooting sequence b) Update software c) Contact your local Universal Robots service provider for assistance
C 303 A 15,System status,Reset caused by Ez Port receiving the RESET command while the device is in Ez Port mode,a) Do a Complete rebooting sequence b) Update software c) Contact your local Universal Robots service provider for assistance
C 303 A 16,System status,Reset caused by host debugger system setting of the System Reset Request bit,a) Do a Complete rebooting sequence b) Update software c) Contact your local Universal Robots service provider for assistance
C 303 A 17,System status,Reset caused by core LOCKUP event,a) Do a Complete rebooting sequence b) Update software c) Contact your local Universal Robots service provider for assistance
C 303 A 18,System status,Reset caused by J TAG,a) Do a Complete rebooting sequence b) Update software c) Contact your local Universal Robots service provider for assistance
C 303 A 19,System status,Unexpected core frequency configured,a) Do a Complete rebooting sequence b) Update software c) Contact your local Universal Robots service provider for assistance
C 304 A,Self monitoring,,
C 304 A 0,Critical error,"A critical error occurred in physical, logical, and temporal monitoring (PLAT M)",a) Do a Complete rebooting sequence b) Update software c) Contact your local Universal Robots service provider for assistance.
C 304 A 3,Close to the gearbox shear limit. Encoders disagree on the Joint position,"The Joint acceleration or deceleration is too high, or there is a mechanical problem in the gear related to encoder mounting.",a) Reduce acceleration in the user program. b) Do a Complete rebooting sequence b) Update software c) Contact your local Universal Robots service provider for assistance or Replace Joint if necessary.
C 304 A 4,"Either the encoder was inappropriately mounted, or the gearbox is loose or broken. Difference between the encoders is present",Mechanical problem in gear related to encoder mounting.,a) Reduce acceleration in the user program. b) Check TCP/Payload and Cog c) Do a Complete rebooting sequence d) Update software e) Contact your local Universal Robots service provider for assistance or Replace Joint if necessary.
C 304 A 6,Motor phase resistance is too high.,"The lead/connector is broken, or the Motor phase lead has become disconnected or loose.",a) Do a Complete rebooting sequence b) Update software c) Contact your local Universal Robots service provider for assistance
C 305 A,Robot Power Control,,
C 305 A 0,Critical error,A critical error in power control module,a) Do a Complete rebooting sequence b) Update software c) Contact your local Universal Robots service provider for assistance.
C 305 A 1,Power supply voltage too low,Robot voltage is lower than 40 V.,a) Check for loose connections b) Do a Complete rebooting sequence c) Update software d) Contact your local Universal Robots service provider for assistance.
C 305 A 2,Robot cable not connected,,a) Make sure the cable between Control Box and Robot Arm is correctly connected and it has no damage. b) Check for loose connections c) Do a Complete rebooting sequence d) Update software e) Contact your local Universal Robots service provider for assistance Contact your local Universal Robots service provider for assistance.
C 305 A 3,Short circuit in Robot detected or the wrong Robot is connected to the Control Box.,,a) Check for loose connections b) Make sure the cable between Control Box and Robot Arm is correctly connected and it has no damage. c) Check for loose connections d) Do a Complete rebooting sequence e) Update software f) Contact your local Universal Robots service provider for assistance.
C 305 A 4,Robot voltage rising slower than expected,,a) Verify the power supply voltage b) Verify Control Box and Robot Arm are correctly paired c) Check for loose connections d) Do a complete rebooting sequence e) Contact your local Universal Robots service provider for assistance
C 305 A 5,Robot Power Control,Attempted to start Energy Eater with powered robot,
C 305 A 6,Power supply voltage too high,Power supply is higher than 56 V,a) Make sure the cable between Control Box and Robot Arm is correctly connected and it has no damage. b) Check for loose connections c) Do a Complete rebooting sequence d) Update software e) Contact your local Universal Robots service provider for assistance.
C 305 A 7,Robot Power Control,Energy Eater was active when trying to turn on the Robot arm,
C 305 A 8,The Robot Voltage is too high when powering on the Robot,,a) Do a Complete rebooting sequence b) Update software c) Contact your local Universal Robots service provider for assistance.
C 305 A 9,The Power State was not OFF when trying to power on the Robot,,a) Do a Complete rebooting sequence b) Update software c) Contact your local Universal Robots service provider for assistance
C 305 A 10,Robot Power Control,The Delay Callback setup failed,
C 305 A 11,The power to the robot arm was not removed fast enough after violation,,a) Do a Complete rebooting sequence b) Update software c) Contact your local Universal Robots service provider for assistance
C 306 A,Joint,Joint error,
C 306 A 0,Critical error,A critical error occurred in a Joint,a) Do a Complete rebooting sequence b) Update software c) Contact your local Universal Robots service provider for assistance.
C 306 A 1,Not stopping fast enough,Joint was unable to come to a full stop fast enough.,"a) Either an incorrect payload is mounted, or an external force is pushing the robot b) Do a Complete rebooting sequence c) Update software d) Contact your local Universal Robots service provider for assistance."
C 306 A 2,Joint,Velocity failed to pass sanity check,
C 306 A 3,Joint,Acceleration failed to pass sanity check,
C 306 A 4,Joint,Joint does not have a stored id,
C 306 A 6,Joint,control-package sequence number mismatched with expected sequence number,
C 306 A 7,Joint,Several instances of mismatched control-package sequence numbers within last second,
C 306 A 8,Joint,Sanity check of control-package sequence numbers recovered after detecting bad sequence numbers,
C 306 A 9,Joint moved more than allowable limit,Potential mechanical failure of the joints brakes,b) Do a Complete rebooting sequence c) Update software d) Contact your local Universal Robots service provider for assistance.
C 306 A 10,Joint,"Current detected in motor exceeded limits, check current",
C 306 A 11,Joint,Check PW M duty cycle for motor phase A,
C 306 A 12,Joint,Check PW M duty cycle for motor phase B,
C 306 A 13,Joint,Check PW M duty cycle for motor phase C,
C 307 A,Data B,,
C 308 A,Data A,,
C 309,Keep-Alive System,,
C 309 A,Critical error,A critical error occurred in the Keep-Alive System,a) Conduct a complete re booting sequence b) Update software c) Contact your local Universal Robots service provider for assistance
C 309 A 0,Keep-Alive System,Critical error,a) Conduct a complete re booting sequence b) Update software c) Contact your local Universal Robots service provider for assistance
C 309 A 1,Keep-Alive System,Keep-Alive System message with wrong sequence received from S CB-u PA.,a) Conduct a complete re booting sequence b) Update software c) Contact your local Universal Robots service provider for assistance
C 309 A 2,Keep-Alive System,Timeout reached while waiting for a Keep-Alive System message from S CB- u PA.,a) Conduct a complete re booting sequence b) Update software c) Contact your local Universal Robots service provider for assistance
C 309 A 3,Keep-Alive System,Go-to-Fault command received a Keep-Alive System message from S CB- u PA.,a) Conduct a complete re booting sequence b) Update software c) Contact your local Universal Robots service provider for assistance
C 309 A 4,Keep-Alive System,A Keep-Alive System message with wrong sequence received from S CB-u PB.,a) Conduct a complete re booting sequence b) Update software c) Contact your local Universal Robots service provider for assistance
C 309 A 5,Keep-Alive System,Timeout reached while waiting for Keep-Alive System message from S CB- u PB.,a) Conduct a complete re booting sequence b) Update software c) Contact your local Universal Robots service provider for assistance
C 309 A 6,Keep-Alive System,Go-to-Fault command received in Keep-Alive System message from S CB- u PB.,a) Conduct a complete re booting sequence b) Update software c) Contact your local Universal Robots service provider for assistance
C 309 A 7,Keep-Alive System,Keep-Alive System message received from an unauthorized source,a) Conduct a complete re booting sequence b) Update software c) Contact your local Universal Robots service provider for assistance
C 309 A 8,Keep-Alive System,u PA handler received an invalid value,a) Conduct a complete re booting sequence b) Update software c) Contact your local Universal Robots service provider for assistance
C 309 A 9,Keep-Alive System,u PB handler received an invalid value,a) Conduct a complete re booting sequence b) Update software c) Contact your local Universal Robots service provider for assistance
C 309 A 10,Lost more than allowed Keep-Alive System messages in a row from Safety Control Board-u PA,An invalid amount of Keep- Alive System messages have been lost from the Safety Control Board Processor A,a) Conduct a complete re booting sequence b) Update software c) Contact your local Universal Robots service provider for assistance
C 309 A 11,Lost more than allowed Keep-Alive System messages in a row from Safety Control Board-u PB,An invalid amount of Keep- Alive messages have been lost from the Safety Control Board Processor B,a) Conduct a complete re booting sequence b) Update software c) Contact your local Universal Robots service provider for assistance
C 309 A 12,Keep-Alive System,Go-to-Violation command received in Keep-Alive System message from S CB- u PA.,a) Conduct a complete re booting sequence b) Update software c) Contact your local Universal Robots service provider for assistance
C 309 A 13,Keep-Alive System,Go-to-Violation command received in Keep-Alive System message from S CB- u PB.,a) Conduct a complete re booting sequence b) Update software c) Contact your local Universal Robots service provider for assistance
C 309 A 14,Keep-Alive System,Invalid command received in Keep-Alive System message from S CB-u PA.,a) Conduct a complete re booting sequence b) Update software c) Contact your local Universal Robots service provider for assistance
C 309 A 15,Keep-Alive System,Invalid command received in Keep-Alive System message from S CB-u PB.,a) Conduct a complete re booting sequence b) Update software c) Contact your local Universal Robots service provider for assistance
C 311 A 0,Delay Callback,The timer is not available,
C 312 A,Data validation,,
C 312 A 1,Data validation,Missed several packages,
C 312 A 2,Data validation,Unexpected sequence,
C 312 A 3,Data validation,Several failures in a row,
C 312 A 4,Data validation,Received a package at an unexpected time,
C 312 A 5,Data validation,Package had unexpected type,
C 314 A,SPI IO,IO sanity check error.,
C 314 A 0,Critical error,A critical error occurred related to IO,a) Do a Complete rebooting sequence b) Check IO connections c) Update software d) Contact your local Universal Robots service provider for assistance.
C 314 A 1,SPI IO,Control bits read wrongly,
C 314 A 2,SPI IO,Output read back does not match the produced value,
C 314 A 3,SPI IO,Safeguard bit transition to low,
C 314 A 4,SPI IO,Emergency Stop bit transition to low,
C 314 A 5,Expected OSS D pulse were not detected on the Configurable Output (CO),The generated OSS D pulses on the safety output were not seen during read back,a) Verify if safety output is not connected to any power supply or another safety output b) Update software c) Contact your local Universal Robots service provider for assistance
C 314 A 6,An unexpected OSS D pulse was detected on Configurable Output (CO),"An OSS D pulse was detected on the safety output read back, but was not generated by the hardware",a) Verify if safety output is not connected to ground or another safety output b) Update software c) Contact your local Universal Robots service provider for assistance
C 315 A,Watchdog,The system watchdog is not working as expected,a) Do a Complete rebooting sequence b) Update software c) Contact your local Universal Robots service provider for assistance.
C 315 A 0 to C 315 A 23,Self-test failed,The system watchdog is not working as expected,a) Do a Complete rebooting sequence b) Update software c) Contact your local Universal Robots service provider for assistance.
C 316 A,M CU,Micro Control Unit,
C 316 A 0,Unknown ID,The Microcontroller Identifier does not match an expected value. Firmware does not match hardware.,a) Do a Complete rebooting sequence b) Update software c) Contact your local Universal Robots service provider for assistance
C 316 A 1,This version of the firmware is obsolete and needs to be updated,The firmware in the robot is too old and needs to be updated,a) Do a Complete rebooting sequence b) Update software c) Contact your local Universal Robots service provider for assistance.
C 317 A 0,Failure injection,Injecting type unexpected,
C 317 A 1,Failure injection,Missing handler for specified type,
C 317 A 2,Failure injection,Invalid data provided to specified type,
C 317 A 3,Failure injection,Throw report,
C 318 A 0,Stack monitor,The stack level watermark is breached,
C 319 A 0,Files ys Diagnostic Tool,"Read operation started, at specified start address",
C 319 A 1,Files ys Diagnostic Tool,Read operation was succes fully completed,
C 319 A 2,Files ys Diagnostic Tool,"Read operation failed, due to illegal address",
C 319 A 3,Files ys Diagnostic Tool,Received data for unexpected address,
C 319 A 4,Files ys Diagnostic Tool,Un x pec ted address,
C 319 A 5,Files ys Diagnostic Tool,Erased sector at specified address,
C 319 A 6,Files ys Diagnostic Tool,Write operation was succes fully completed,
C 320 A 0 to C 320 A 41,RED net BLVD S,Data transmission error,
C 321 A 0 to C 321 A 41,RED net RS 485,Data transmission error,
C 322 A 0,Switch,Switch: Priority package timeout on specified ports,
C 322 A 1,Switch,Switch: Data package timeout on specified ports,
C 323 A 0,S CB Endpoint,Endpoint : Priority data debug channel overflow,
C 323 A 1,S CB Endpoint,Endpoint : data debug channel overflow,
C 323 A 2,S CB Endpoint,Endpoint : Priority data inbound time out from specified port.,
C 323 A 3,S CB Endpoint,Endpoint : Data inbound timeout from specified port.,
C 323 A 4,S CB Endpoint,Endpoint : Priority data outbound time out to specified port.,
C 323 A 5,S CB Endpoint,Endpoint : Data outbound timeout to specified port.,
C 324 A 0,TP UART,UART : Fi Fo overflow,
C 324 A 1,TP UART,UART : Length mismatch,
C 324 A 2,TP UART,UART : Unexpected SOM,
C 325 A 53 to C 335 A 66,SPI u A,u A SPI : Unsupported command,
C 327 A 0,PCIe,PCIe Control-Data : Blocked,
C 327 A 1,PCIe,PCIe Priority-Data : Blocked,
C 327 A 2,PCIe,PCIe data-data : Blocked,
C 328 A,Transceiver miscellaneous,,
C 328 A 0,Transceiver miscellaneous,The So C arrived too early,
C 328 A 1,Transceiver miscellaneous,"Timeout while waiting for the So C, the So C was lost or delayed more than expected",
C 328 A 2,"Flash device is not supported, check JE DEC data for device",The flash device’s JE DEC ID does not matcha supported flash device,a) Conduct a complete re booting sequence b) Update software c) Contact your local Universal Robots service provider for assistance
C 329 A 1,A XI STREAM,Fi Fo overflow on interface,
C 329 A 2,A XI STREAM,Fi Fo overflow cleared,
C 330 A,Injection Molding Machine Interface IM MI IO,,
C 330 A 1,Injection-Molding- Machine-Interface E- Stop output read back does not match the produced value,"First byte: produced value, second byte: read value",Check E-stop output
C 330 A 2,Injection-Molding- Machine-Interface Moulding Area Free output read back does not match the produced value,"First byte: produced value, second byte: read value",Check output
C 330 A 3,Injection-Molding- Machine-Interface 24 VIO voltage outside acceptable range,The voltage measured on the 24 VIO rail is lower than expected,a) Check the fuses on the Injection-Molding-Machine- Interface b) Verify there are no short circuits on the 24 VIO connectors c) Contact your local Universal Robots service provider for assistance
C 330 A 4,Injection-Molding- Machine-Interface 48 V voltages outside acceptable range,The voltages measured on the 48 V rails are lower than expected,a) Check the fuses on the Injection-Molding-Machine- Interface b) Verify there are no short circuits on the IO connectors c) Contact your local Universal Robots service provider for assistance
C 331 A,Friction model,,
C 331 A 0,Critical error,A critical error occurred in the friction model module,a) Conduct a complete re booting sequence b) Update software c) Contact your local Universal Robots service provider for assistance
C 332 A,Servo configuration,,
C 332 A 0,Critical error on Servo configuration,A critical error occurred in the servo configuration module,a) Conduct a complete re booting sequence b) Update software c) Contact your local Universal Robots service provider for assistance
C 332 A 1,Servo configuration,The configuration file could not be loaded,
C 332 A 2,Servo configuration,The configuration file could not be updated,
C 332 A 3,Servo configuration,"Failed to create configuration file, due to unknown PCB_type",
C 332 A 4,Servo configuration,"Failed to acquire the motor data sheet, due to unsupported motor",
C 333 A 0,File message,Critical error,
C 333 A 1,File message,File type is not supported,
C 333 A 2,File message,All arguments are mandatory,
C 333 A 3,File message,Protocol version is not supported,
C 333 A 4,File message,File part is unexpected,
C 333 A 5,File message,CRC is invalid,
C 333 A 6,File message,Unexpected CRC value,
C 333 A 7,File message,Unique ID is invalid,
C 333 A 8,File message,Unexpected unique ID,
C 333 A 9,File message,File version is not supported,
C 333 A 10,File message,File ID is deleted,
C 334 A,Protective Stop: Position deviation while in Locked Axis feature,Robot deviated from constrained axes while in Constrained Free drive. The maximum range was reached.,a) Unlock constrained axis b) Move robot back to reachable postions
C 336 A 1,Hardware configuration manager,An illegal write request to a memory area,
C 337 A 0,Control parameters,Critical error,
C 337 A 1,Control parameters,A selected set of control parameters was not allowed in this application,
C 337 A 2,Control parameters,A selected set of control parameters was not known or was incorrectly applied,
C 400 A,Protective Stop: Elbow position close to safety plane limits,Robot joint 2– Elbow has reached the Safety Plane limits,Move robot Elbow joint away from the safety plane
C 401 A,Protective Stop: Exceeding user safety settings for stopping time,"You have exceeded the safety settings, watch out for high values not allowed in the robot","a) Check speeds and accelerations in the program b) Check usage of TCP, payload and Co G correctly c) Check external equipment activation if correctly set"
C 402 A,Protective Stop: Exceeding user safety settings for stopping distance,Protective Stop activated by the stopping distance set in the safety settings. The value was higher so the robot stopped preventing higher distance of stop,"a) Check speeds and accelerations in the program b) Check usage of TCP, payload and Co G correctly c) Check external equipment activation if correctly set"
C 403 A,Protective Stop: Danger of clamping between the Robot’s lower arm and tool,Robot has entered Protective Stop due to reach maximum point to prevent a clamp situation between joint and robot itself,"a) Check speeds and accelerations in the program b) Check usage of TCP, payload and Co G correctly c) Check external equipment activation if correctly set"
C 404 A,Unexpected behavior,,
C 404 A 0,Runtime sends data too often,Communication overload,a) Check external equipment communication frequency b) Check if wait command or sync() script code are used in the program
C 404 A 1,Runtime tries to receive data too often,Communication overload,a) Check external equipment communication frequency b) Check if wait command or sync() script code are used in the program
C 450 A,Force-Torque sensor,,
C 450 A 0,Sensor data invalid,Force-Torque sensor is defective or not mounted correctly,a) Do a Complete rebooting sequence b) Check for loose connections c) Update software d) Contact your local Universal Robots service provider for assistance.
C 450 A 1,"Sensor cannot be used, therefore it is disabled",Force-Torque sensor version is newer than the Robot software,a) Do a Complete rebooting sequence b) Check for loose connections c) Update software d) Contact your local Universal Robots service provider for assistance.
C 450 A 2,Force-Torque sensor,Channel signal became invalid,
C 450 A 3,Force-Torque sensor,Check frequency,
C 450 A 4,"Force-Torque sensor is expected, but it cannot be detected","Force-Torque sensor is expected, but no signals from the sensor can be detected.",a) Do a Complete rebooting sequence b) Check for loose connections c) Check for damages to the Tool/sensor d) Update software e) Contact your local Universal Robots service provider for assistance.
C 450 A 5,Force-Torque sensor is detected but not calibrated,"Force-Torque sensor is installed, but no calibration was found",Same as C 450 A 5
C 499 A,Motor encoder calibration status,,a) Conduct a complete re booting sequence b) Update software c) Contact your local Universal Robots service provider for assistance
C 499 A 0,Actual position isn't final. Position error,Motor encoder calibration status,a) Conduct a complete re booting sequence b) Update software c) Contact your local Universal Robots service provider for assistance
C 499 A 1,Actual position has an error. Position error,Motor encoder calibration status,a) Conduct a complete re booting sequence b) Update software c) Contact your local Universal Robots service provider for assistance
C 499 A 2,Actual position has a an error and isn't final. Position error,Motor encoder calibration status,a) Conduct a complete re booting sequence b) Update software c) Contact your local Universal Robots service provider for assistance
C 499 A 3,Target position,Motor encoder calibration status,a) Conduct a complete re booting sequence b) Update software c) Contact your local Universal Robots service provider for assistance
C 499 A 4,Actual average position,Motor encoder calibration status,a) Conduct a complete re booting sequence b) Update software c) Contact your local Universal Robots service provider for assistance
C 499 A 5,Actual position variance,Motor encoder calibration status,a) Conduct a complete re booting sequence b) Update software c) Contact your local Universal Robots service provider for assistance
C 499 A 6,Actual position min to max delta,Motor encoder calibration status,a) Conduct a complete re booting sequence b) Update software c) Contact your local Universal Robots service provider for assistance
C 499 A 7,Actual sample position number,Motor encoder calibration status,a) Conduct a complete re booting sequence b) Update software c) Contact your local Universal Robots service provider for assistance
C 720 A 2,LV D (low voltage detection),Low Voltage warning level reached,a) Do a Complete rebooting sequence b) Check for loose connections d) Update software e) Contact your local Universal Robots service provider for assistance
C 710 A,ROM Test,,a) Do a complete rebooting sequence b) Update software c) Contact your local Universal Robots service provider for assistance
C 710 A 0,Critical error,A critical error occurred during ROM validation,a) Do a complete rebooting sequence b) Update software c) Contact your local Universal Robots service provider for assistance
C 710 A 1,ROM corrupted,A critical error occurred during ROM validation,a) Do a complete rebooting sequence b) Update software c) Contact your local Universal Robots service provider for assistance
C 710 A 2,Failed to validate CRC on invariant data in RAM,A critical error occurred during ROM validation,a) Do a complete rebooting sequence b) Update software c) Contact your local Universal Robots service provider for assistance
C 710 A 3,Unexpected size of invariant data,A critical error occurred during ROM validation,a) Do a complete rebooting sequence b) Update software c) Contact your local Universal Robots service provider for assistance
C 710 A 4,Failed to validate CRC on code segment in RAM,A critical error occurred during ROM validation,a) Do a complete rebooting sequence b) Update software c) Contact your local Universal Robots service provider for assistance
C 720 A,Low Voltage Detection (LVD),,a) Do a Complete rebooting sequence b) Check for loose connections d) Update software e) Contact your local Universal Robots service provider for assistance
C 720 A 0,Reset due to Low Voltage Dectection (LVD) or power off,Voltage needed values is not reaching the necessary values to work. Out of range,a) Do a Complete rebooting sequence b) Check for loose connections d) Update software e) Contact your local Universal Robots service provider for assistance
C 720 A 1,Low Voltage warning level reached,Voltage needed values is not reaching the necessary values to work. Out of range,a) Do a Complete rebooting sequence b) Check for loose connections d) Update software e) Contact your local Universal Robots service provider for assistance
C 740 A,Hardware monitoring,,a) Do a Complete rebooting sequence b) Update software c) Contact your local Universal Robots service provider for assistance
C 740 A 0,Critical error,A critical error occurred during hardware monitoring,a) Do a Complete rebooting sequence b) Update software c) Contact your local Universal Robots service provider for assistance
C 740 A 1,1 V 2 voltage is outside of the allowed range,,a) Do a Complete rebooting sequence b) Update software c) Contact your local Universal Robots service provider for assistance
C 740 A 2,1 V 8 voltage is outside of the allowed range,,a) Do a Complete rebooting sequence b) Update software c) Contact your local Universal Robots service provider for assistance
C 740 A 3,2 V 5 voltage is outside of the allowed range,,a) Do a Complete rebooting sequence b) Update software c) Contact your local Universal Robots service provider for assistance
C 740 A 4,3 V 3 voltage is outside of the allowed range,,a) Do a Complete rebooting sequence b) Update software c) Contact your local Universal Robots service provider for assistance
C 740 A 5,PC 3 V 3 voltage is outside of the allowed range,,a) Do a Complete rebooting sequence b) Update software c) Contact your local Universal Robots service provider for assistance
C 740 A 6,u A's 3 V 3 voltage is outside of the allowed range,,a) Do a Complete rebooting sequence b) Update software c) Contact your local Universal Robots service provider for assistance
C 740 A 7,u B's 3 V 3 voltage is outside of the allowed range,,a) Do a Complete rebooting sequence b) Update software c) Contact your local Universal Robots service provider for assistance
C 740 A 8,5 V voltage is outside of the allowed range,,a) Do a Complete rebooting sequence b) Update software c) Contact your local Universal Robots service provider for assistance
C 740 A 9,12 V voltage is outside of the allowed range,,a) Do a Complete rebooting sequence b) Update software c) Contact your local Universal Robots service provider for assistance
C 740 A 10,24 V voltage is outside of the allowed range,,a) Do a Complete rebooting sequence b) Update software c) Contact your local Universal Robots service provider for assistance
C 740 A 11,48 V voltage is outside of the allowed range,,a) Do a Complete rebooting sequence b) Update software c) Contact your local Universal Robots service provider for assistance
C 740 A 12,58 V voltage is outside of the allowed range,,a) Do a Complete rebooting sequence b) Update software c) Contact your local Universal Robots service provider for assistance
C 740 A 13,-4 V voltage is outside of the allowed range,,a) Do a Complete rebooting sequence b) Update software c) Contact your local Universal Robots service provider for assistance
C 740 A 14,Robot voltage is outside of the allowed range,,a) Do a Complete rebooting sequence b) Update software c) Contact your local Universal Robots service provider for assistance
C 740 A 15,Robot current is outside of the allowed range,,a) Do a Complete rebooting sequence b) Update software c) Contact your local Universal Robots service provider for assistance
C 740 A 17,In rush protected 48 V voltage is outside of the allowed range,,a) Do a Complete rebooting sequence b) Update software c) Contact your local Universal Robots service provider for assistance
C 740 A 20,24 VS PI IO voltage,"24 V voltage IO is outside its limits (Below 23,0 V above 25,7 V)",a) Do a Complete rebooting sequence b) Check for loose connections c) Check for damages to the Tool/sensor d) Update software e) Contact your local Universal Robots service provider for assistance
C 740 A 21,24 VS PI IO current,24 V current IO is outside its limits,a) Do a Complete rebooting sequence b) Check for loose connections c) Check for damages to the Tool/sensor d) Update software e) Contact your local Universal Robots service provider for assistance
C 740 A 22,The solenoid voltage is not 0 before activation,,a) Do a Complete rebooting sequence b) Update software c) Contact your local Universal Robots service provider for assistance
C 740 A 23,The solenoid voltage is not 48 V after activation,,a) Do a Complete rebooting sequence b) Update software c) Contact your local Universal Robots service provider for assistance
C 740 A 24,The left Three- Position Enabling button is inconsistent,Check for connections problem. Check 3 PE functionality,"a) Do not press the button repeatedly b) Remove any pressure off the button c) Press the button with more pressure, if light pressing may not work d) Update software e) Contact your local Universal Robots service provider for assistance"
C 740 A 25,The right Three- Position Enabling button is inconsistent,Check for connections problem. Check 3 PE functionality,"a) Do not press the button repeatedly b) Remove any pressure off the button c) Press the button with more pressure, if light pressing may not work d) Update software e) Contact your local Universal Robots service provider for assistance"
C 740 A 26,State for the Three- Position Enabling button,Check for connections problem. Check 3 PE functionality,"a) Do not press the button repeatedly b) Remove any pressure off the button c) Press the button with more pressure, if light pressing may not work d) Update software e) Contact your local Universal Robots service provider for assistance"
C 900 A,Debug message data,,
